"","Link","GeneSymbol","Type","consequence","ClinicalSignificance","review","PhenotypeList","Name","ref_aa","alt_aa","pos_aa","CADD_phred","gnomAD_binary_char"
"1","<a href=""https://www.ncbi.nlm.nih.gov/clinvar/variation/577"" target=""_blank"">577</a>","PAH","SNV","Missense","Pathogenic","Reviewed by expert panel","Phenylketonuria|Not provided/ not specified","NM_000277.3(PAH):c.1222C>T (p.Arg408Trp)","Arg","Trp",408,"3.438265","Yes"
"2","<a href=""https://www.ncbi.nlm.nih.gov/clinvar/variation/578"" target=""_blank"">578</a>","PAH","SNV","Missense","Pathogenic","Reviewed by expert panel","Phenylketonuria|Not provided/ not specified","NM_000277.3(PAH):c.932T>C (p.Leu311Pro)","Leu","Pro",311,"4.011658","Yes"
"3","<a href=""https://www.ncbi.nlm.nih.gov/clinvar/variation/580"" target=""_blank"">580</a>","PAH","SNV","Missense","Pathogenic","Criteria provided/ multiple submitters/ no conflicts","Phenylketonuria|Not provided/ not specified","NM_000277.3(PAH):c.838G>A (p.Glu280Lys)","Glu","Lys",280,"4.156648","Yes"
"4","<a href=""https://www.ncbi.nlm.nih.gov/clinvar/variation/582"" target=""_blank"">582</a>","PAH","SNV","Missense","Pathogenic","Reviewed by expert panel","Phenylketonuria|Not provided/ not specified","NM_000277.3(PAH):c.782G>A (p.Arg261Gln)","Arg","Gln",261,"4.368348","Yes"
"5","<a href=""https://www.ncbi.nlm.nih.gov/clinvar/variation/583"" target=""_blank"">583</a>","PAH","SNV","Missense","Pathogenic/Likely pathogenic","Criteria provided/ multiple submitters/ no conflicts","Hyperphenylalaninemia, non-pku|Not provided/ not specified|Phenylketonuria","NM_000277.3(PAH):c.261C>A (p.Ser87Arg)","Ser","Arg",87,"0.632285","Yes"
"6","<a href=""https://www.ncbi.nlm.nih.gov/clinvar/variation/584"" target=""_blank"">584</a>","PAH","SNV","Missense","Pathogenic","Reviewed by expert panel","Phenylketonuria|Not provided/ not specified","NM_000277.3(PAH):c.754C>T (p.Arg252Trp)","Arg","Trp",252,"4.083942","Yes"
"7","<a href=""https://www.ncbi.nlm.nih.gov/clinvar/variation/586"" target=""_blank"">586</a>","PAH","SNV","Missense","Pathogenic","Reviewed by expert panel","Phenylketonuria|Hyperphenylalaninemia, non-pku|Not provided/ not specified","NM_000277.3(PAH):c.1A>G (p.Met1Val)","Met","Val",1,"2.152140","Yes"
"8","<a href=""https://www.ncbi.nlm.nih.gov/clinvar/variation/587"" target=""_blank"">587</a>","PAH","SNV","Missense","Pathogenic","Reviewed by expert panel","Phenylketonuria|Not provided/ not specified","NM_000277.3(PAH):c.473G>A (p.Arg158Gln)","Arg","Gln",158,"4.132208","Yes"
"9","<a href=""https://www.ncbi.nlm.nih.gov/clinvar/variation/589"" target=""_blank"">589</a>","PAH","SNV","Missense","Likely pathogenic","Reviewed by expert panel","Phenylketonuria|Not provided/ not specified|Inborn genetic diseases","NM_000277.3(PAH):c.842C>T (p.Pro281Leu)","Pro","Leu",281,"4.684401","Yes"
"10","<a href=""https://www.ncbi.nlm.nih.gov/clinvar/variation/590"" target=""_blank"">590</a>","PAH","SNV","Missense","Pathogenic","Reviewed by expert panel","Phenylketonuria|Not provided/ not specified","NM_000277.3(PAH):c.611A>G (p.Tyr204Cys)","Tyr","Cys",204,"3.873491","Yes"
"11","<a href=""https://www.ncbi.nlm.nih.gov/clinvar/variation/591"" target=""_blank"">591</a>","PAH","SNV","Missense","Pathogenic","Criteria provided/ multiple submitters/ no conflicts","Phenylketonuria|Not provided/ not specified|Inborn genetic diseases","NM_000277.3(PAH):c.728G>A (p.Arg243Gln)","Arg","Gln",243,"4.372097","Yes"
"12","<a href=""https://www.ncbi.nlm.nih.gov/clinvar/variation/592"" target=""_blank"">592</a>","PAH","SNV","Missense","Pathogenic","Reviewed by expert panel","Phenylketonuria|Not provided/ not specified","NM_000277.3(PAH):c.1238G>C (p.Arg413Pro)","Arg","Pro",413,"2.563170","Yes"
"13","<a href=""https://www.ncbi.nlm.nih.gov/clinvar/variation/593"" target=""_blank"">593</a>","PAH","SNV","Missense","Pathogenic","Reviewed by expert panel","Hyperphenylalaninemia, non-pku|Not provided/ not specified|Phenylketonuria","NM_000277.3(PAH):c.1241A>G (p.Tyr414Cys)","Tyr","Cys",414,"3.898498","Yes"
"14","<a href=""https://www.ncbi.nlm.nih.gov/clinvar/variation/598"" target=""_blank"">598</a>","PAH","SNV","Missense","Likely pathogenic","Reviewed by expert panel","Phenylketonuria|Not provided/ not specified","NM_000277.3(PAH):c.818C>T (p.Ser273Phe)","Ser","Phe",273,"4.136375","Yes"
"15","<a href=""https://www.ncbi.nlm.nih.gov/clinvar/variation/600"" target=""_blank"">600</a>","PAH","SNV","Missense","Pathogenic/Likely pathogenic","Criteria provided/ multiple submitters/ no conflicts","Phenylketonuria|Not provided/ not specified","NM_000277.3(PAH):c.764T>C (p.Leu255Ser)","Leu","Ser",255,"3.737357","No"
"16","<a href=""https://www.ncbi.nlm.nih.gov/clinvar/variation/602"" target=""_blank"">602</a>","PAH","SNV","Missense","Pathogenic/Likely pathogenic","Criteria provided/ multiple submitters/ no conflicts","Phenylketonuria|Not provided/ not specified","NM_000277.3(PAH):c.776C>T (p.Ala259Val)","Ala","Val",259,"4.100455","Yes"
"17","<a href=""https://www.ncbi.nlm.nih.gov/clinvar/variation/603"" target=""_blank"">603</a>","PAH","SNV","Missense","Pathogenic","Reviewed by expert panel","Phenylketonuria|Not provided/ not specified","NM_000277.3(PAH):c.829T>G (p.Tyr277Asp)","Tyr","Asp",277,"3.641715","Yes"
"18","<a href=""https://www.ncbi.nlm.nih.gov/clinvar/variation/605"" target=""_blank"">605</a>","PAH","SNV","Missense","Pathogenic","Criteria provided/ multiple submitters/ no conflicts","Phenylketonuria|Not provided/ not specified","NM_000277.3(PAH):c.117C>G (p.Phe39Leu)","Phe","Leu",39,"3.429761","Yes"
"19","<a href=""https://www.ncbi.nlm.nih.gov/clinvar/variation/608"" target=""_blank"">608</a>","PAH","SNV","Missense","Pathogenic","Reviewed by expert panel","Phenylketonuria|Not provided/ not specified","NM_000277.3(PAH):c.143T>C (p.Leu48Ser)","Leu","Ser",48,"3.687354","Yes"
"20","<a href=""https://www.ncbi.nlm.nih.gov/clinvar/variation/609"" target=""_blank"">609</a>","PAH","SNV","Missense","Likely pathogenic","Reviewed by expert panel","Phenylketonuria|Not provided/ not specified","NM_000277.3(PAH):c.662A>G (p.Glu221Gly)","Glu","Gly",221,"4.027676","Yes"
"21","<a href=""https://www.ncbi.nlm.nih.gov/clinvar/variation/612"" target=""_blank"">612</a>","PAH","SNV","Missense","Pathogenic","Reviewed by expert panel","Phenylketonuria|Not provided/ not specified","NM_000277.3(PAH):c.1223G>A (p.Arg408Gln)","Arg","Gln",408,"3.734655","Yes"
"22","<a href=""https://www.ncbi.nlm.nih.gov/clinvar/variation/613"" target=""_blank"">613</a>","PAH","SNV","Missense","Pathogenic","Criteria provided/ multiple submitters/ no conflicts","Phenylketonuria|Not provided/ not specified","NM_000277.3(PAH):c.896T>G (p.Phe299Cys)","Phe","Cys",299,"4.403689","Yes"
"23","<a href=""https://www.ncbi.nlm.nih.gov/clinvar/variation/615"" target=""_blank"">615</a>","PAH","SNV","Missense","Pathogenic/Likely pathogenic","Criteria provided/ multiple submitters/ no conflicts","Phenylketonuria|Not provided/ not specified","NM_000277.3(PAH):c.1045T>C (p.Ser349Pro)","Ser","Pro",349,"4.141299","Yes"
"24","<a href=""https://www.ncbi.nlm.nih.gov/clinvar/variation/616"" target=""_blank"">616</a>","PAH","SNV","Missense","Likely pathogenic","Reviewed by expert panel","Mild non-PKU hyperphenylalanemia|Not provided/ not specified|Phenylketonuria","NM_000277.3(PAH):c.965C>G (p.Ala322Gly)","Ala","Gly",322,"3.429220","Yes"
"25","<a href=""https://www.ncbi.nlm.nih.gov/clinvar/variation/617"" target=""_blank"">617</a>","PAH","SNV","Missense","Pathogenic","Reviewed by expert panel","Hyperphenylalaninemia, non-pku|Not provided/ not specified|Phenylketonuria","NM_000277.3(PAH):c.1243G>A (p.Asp415Asn)","Asp","Asn",415,"1.907415","Yes"
"26","<a href=""https://www.ncbi.nlm.nih.gov/clinvar/variation/618"" target=""_blank"">618</a>","PAH","SNV","Missense","Pathogenic","Reviewed by expert panel","Hyperphenylalaninemia, non-pku|Not provided/ not specified|Phenylketonuria","NM_000277.3(PAH):c.916A>G (p.Ile306Val)","Ile","Val",306,"2.729082","Yes"
"27","<a href=""https://www.ncbi.nlm.nih.gov/clinvar/variation/619"" target=""_blank"">619</a>","PAH","SNV","Missense","Pathogenic","Reviewed by expert panel","Phenylketonuria|Not provided/ not specified","NM_000277.3(PAH):c.1162G>A (p.Val388Met)","Val","Met",388,"3.473776","Yes"
"28","<a href=""https://www.ncbi.nlm.nih.gov/clinvar/variation/621"" target=""_blank"">621</a>","PAH","SNV","Missense","Likely pathogenic","Reviewed by expert panel","Phenylketonuria|Not provided/ not specified","NM_000277.3(PAH):c.731C>T (p.Pro244Leu)","Pro","Leu",244,"4.147032","Yes"
"29","<a href=""https://www.ncbi.nlm.nih.gov/clinvar/variation/622"" target=""_blank"">622</a>","PAH","SNV","Missense","Pathogenic","Reviewed by expert panel","Phenylketonuria|Not provided/ not specified","NM_000277.3(PAH):c.3G>A (p.Met1Ile)","Met","Ile",1,"2.944103","No"
"30","<a href=""https://www.ncbi.nlm.nih.gov/clinvar/variation/624"" target=""_blank"">624</a>","PAH","SNV","Missense","Pathogenic","No assertion criteria provided","Hyperphenylalaninemia, non-pku|Not provided/ not specified","NM_000277.3(PAH):c.997C>T (p.Leu333Phe)","Leu","Phe",333,"3.471737","No"
"31","<a href=""https://www.ncbi.nlm.nih.gov/clinvar/variation/625"" target=""_blank"">625</a>","PAH","SNV","Missense","Pathogenic","Reviewed by expert panel","Hyperphenylalaninemia, non-pku|Phenylketonuria|Not provided/ not specified","NM_000277.3(PAH):c.1169A>G (p.Glu390Gly)","Glu","Gly",390,"3.969862","Yes"
"32","<a href=""https://www.ncbi.nlm.nih.gov/clinvar/variation/628"" target=""_blank"">628</a>","PAH","SNV","Missense","Pathogenic","Reviewed by expert panel","Hyperphenylalaninemia, non-pku|Not provided/ not specified|Phenylketonuria|Marfanoid habitus and intellectual disability|BH4-deficient hyperphenylalaninemia A","NM_000277.3(PAH):c.1139C>T (p.Thr380Met)","Thr","Met",380,"3.268722","Yes"
"33","<a href=""https://www.ncbi.nlm.nih.gov/clinvar/variation/629"" target=""_blank"">629</a>","PAH","SNV","Missense","Pathogenic","Reviewed by expert panel","Phenylketonuria|Not provided/ not specified","NM_000277.3(PAH):c.136G>A (p.Gly46Ser)","Gly","Ser",46,"3.595233","Yes"
"34","<a href=""https://www.ncbi.nlm.nih.gov/clinvar/variation/630"" target=""_blank"">630</a>","PAH","SNV","Missense","Likely pathogenic","Reviewed by expert panel","Hyperphenylalaninemia, non-pku|Not provided/ not specified|Phenylketonuria","NM_000277.3(PAH):c.140C>T (p.Ala47Val)","Ala","Val",47,"2.544550","Yes"
"35","<a href=""https://www.ncbi.nlm.nih.gov/clinvar/variation/631"" target=""_blank"">631</a>","PAH","SNV","Missense","Pathogenic","Reviewed by expert panel","Hyperphenylalaninemia, non-pku|Not provided/ not specified|Phenylketonuria|BH4-deficient hyperphenylalaninemia A","NM_000277.3(PAH):c.527G>T (p.Arg176Leu)","Arg","Leu",176,"2.736311","Yes"
"36","<a href=""https://www.ncbi.nlm.nih.gov/clinvar/variation/632"" target=""_blank"">632</a>","PAH","SNV","Missense","Pathogenic","Reviewed by expert panel","Hyperphenylalaninemia, non-pku|Not provided/ not specified|Hyperphenylalaninaemia|Phenylketonuria","NM_000277.3(PAH):c.734T>C (p.Val245Ala)","Val","Ala",245,"3.379151","Yes"
"37","<a href=""https://www.ncbi.nlm.nih.gov/clinvar/variation/635"" target=""_blank"">635</a>","PAH","SNV","Missense","Likely pathogenic","Reviewed by expert panel","Phenylketonuria|Not provided/ not specified","NM_000277.3(PAH):c.1220C>T (p.Pro407Leu)","Pro","Leu",407,"4.049595","No"
"38","<a href=""https://www.ncbi.nlm.nih.gov/clinvar/variation/636"" target=""_blank"">636</a>","PAH","SNV","Missense","Pathogenic","Reviewed by expert panel","Phenylketonuria|Not provided/ not specified","NM_000277.3(PAH):c.194T>C (p.Ile65Thr)","Ile","Thr",65,"3.915582","Yes"
"39","<a href=""https://www.ncbi.nlm.nih.gov/clinvar/variation/639"" target=""_blank"">639</a>","PAH","SNV","Missense","Pathogenic/Likely pathogenic","Criteria provided/ multiple submitters/ no conflicts","Hyperphenylalaninemia, non-pku|Not provided/ not specified|Phenylketonuria","NM_000277.3(PAH):c.227A>G (p.Glu76Gly)","Glu","Gly",76,"3.080377","No"
"40","<a href=""https://www.ncbi.nlm.nih.gov/clinvar/variation/92727"" target=""_blank"">92727</a>","PAH","SNV","Missense","Pathogenic","Criteria provided/ multiple submitters/ no conflicts","Not provided/ not specified|Phenylketonuria","NM_000277.3(PAH):c.1042C>G (p.Leu348Val)","Leu","Val",348,"3.038957","Yes"
"41","<a href=""https://www.ncbi.nlm.nih.gov/clinvar/variation/92731"" target=""_blank"">92731</a>","PAH","SNV","Missense","Pathogenic","Reviewed by expert panel","Not provided/ not specified|Phenylketonuria|Inborn genetic diseases","NM_000277.3(PAH):c.1208C>T (p.Ala403Val)","Ala","Val",403,"3.835128","Yes"
"42","<a href=""https://www.ncbi.nlm.nih.gov/clinvar/variation/92734"" target=""_blank"">92734</a>","PAH","SNV","Missense","Pathogenic/Likely pathogenic","Criteria provided/ multiple submitters/ no conflicts","Not provided/ not specified|Phenylketonuria|Hyperphenylalaninemia, non-pku","NM_000277.3(PAH):c.165T>G (p.Phe55Leu)","Phe","Leu",55,"2.924532","Yes"
"43","<a href=""https://www.ncbi.nlm.nih.gov/clinvar/variation/92738"" target=""_blank"">92738</a>","PAH","SNV","Missense","Pathogenic","Reviewed by expert panel","Not provided/ not specified|Phenylketonuria","NM_000277.3(PAH):c.204A>T (p.Arg68Ser)","Arg","Ser",68,"3.529157","Yes"
"44","<a href=""https://www.ncbi.nlm.nih.gov/clinvar/variation/92741"" target=""_blank"">92741</a>","PAH","SNV","Missense","Likely pathogenic","Reviewed by expert panel","Phenylketonuria|Not provided/ not specified","NM_000277.3(PAH):c.355C>T (p.Pro119Ser)","Pro","Ser",119,"3.932331","Yes"
"45","<a href=""https://www.ncbi.nlm.nih.gov/clinvar/variation/92743"" target=""_blank"">92743</a>","PAH","SNV","Missense","Likely pathogenic","Reviewed by expert panel","Not provided/ not specified|Phenylketonuria","NM_000277.3(PAH):c.500A>T (p.Asn167Ile)","Asn","Ile",167,"1.537874","Yes"
"46","<a href=""https://www.ncbi.nlm.nih.gov/clinvar/variation/92744"" target=""_blank"">92744</a>","PAH","SNV","Missense","Pathogenic","Reviewed by expert panel","Not provided/ not specified|Phenylketonuria","NM_000277.3(PAH):c.508C>G (p.His170Asp)","His","Asp",170,"4.473147","Yes"
"47","<a href=""https://www.ncbi.nlm.nih.gov/clinvar/variation/92746"" target=""_blank"">92746</a>","PAH","SNV","Missense","Pathogenic","Reviewed by expert panel","Not provided/ not specified|Phenylketonuria","NM_000277.3(PAH):c.533A>G (p.Glu178Gly)","Glu","Gly",178,"3.730435","Yes"
"48","<a href=""https://www.ncbi.nlm.nih.gov/clinvar/variation/92747"" target=""_blank"">92747</a>","PAH","SNV","Missense","Pathogenic","Reviewed by expert panel","Not provided/ not specified|Phenylketonuria","NM_000277.3(PAH):c.638T>C (p.Leu213Pro)","Leu","Pro",213,"4.151588","No"
"49","<a href=""https://www.ncbi.nlm.nih.gov/clinvar/variation/92749"" target=""_blank"">92749</a>","PAH","SNV","Missense","Likely pathogenic","Reviewed by expert panel","Not provided/ not specified|Phenylketonuria","NM_000277.3(PAH):c.841C>T (p.Pro281Ser)","Pro","Ser",281,"4.527243","Yes"
"50","<a href=""https://www.ncbi.nlm.nih.gov/clinvar/variation/92750"" target=""_blank"">92750</a>","PAH","SNV","Missense","Pathogenic","Reviewed by expert panel","Not provided/ not specified|Phenylketonuria|Hyperphenylalaninemia, non-pku","NM_000277.3(PAH):c.890G>A (p.Arg297His)","Arg","His",297,"4.099092","Yes"
"51","<a href=""https://www.ncbi.nlm.nih.gov/clinvar/variation/92751"" target=""_blank"">92751</a>","PAH","SNV","Missense","Pathogenic","Reviewed by expert panel","Not provided/ not specified|Phenylketonuria|Hyperphenylalaninemia, non-pku|Inborn genetic diseases","NM_000277.3(PAH):c.898G>T (p.Ala300Ser)","Ala","Ser",300,"4.188412","Yes"
"52","<a href=""https://www.ncbi.nlm.nih.gov/clinvar/variation/92753"" target=""_blank"">92753</a>","PAH","SNV","Missense","Pathogenic","Reviewed by expert panel","Not provided/ not specified|Phenylketonuria","NM_000277.3(PAH):c.926C>T (p.Ala309Val)","Ala","Val",309,"4.197611","Yes"
"53","<a href=""https://www.ncbi.nlm.nih.gov/clinvar/variation/92756"" target=""_blank"">92756</a>","PAH","SNV","Missense","Likely pathogenic","Reviewed by expert panel","Not provided/ not specified|Phenylketonuria","NM_000277.3(PAH):c.974A>G (p.Tyr325Cys)","Tyr","Cys",325,"4.238351","Yes"
"54","<a href=""https://www.ncbi.nlm.nih.gov/clinvar/variation/102468"" target=""_blank"">102468</a>","PAH","SNV","Missense","Pathogenic","Criteria provided/ multiple submitters/ no conflicts","Not provided/ not specified|Phenylketonuria","NM_000277.3(PAH):c.1012G>T (p.Asp338Tyr)","Asp","Tyr",338,"3.800196","Yes"
"55","<a href=""https://www.ncbi.nlm.nih.gov/clinvar/variation/102473"" target=""_blank"">102473</a>","PAH","SNV","Missense","Pathogenic/Likely pathogenic","Criteria provided/ multiple submitters/ no conflicts","Not provided/ not specified|Phenylketonuria","NM_000277.3(PAH):c.1024G>A (p.Ala342Thr)","Ala","Thr",342,"4.258968","No"
"56","<a href=""https://www.ncbi.nlm.nih.gov/clinvar/variation/102476"" target=""_blank"">102476</a>","PAH","SNV","Missense","Likely pathogenic","Reviewed by expert panel","Not provided/ not specified|Phenylketonuria","NM_000277.3(PAH):c.1027T>G (p.Tyr343Asp)","Tyr","Asp",343,"4.212046","No"
"57","<a href=""https://www.ncbi.nlm.nih.gov/clinvar/variation/102477"" target=""_blank"">102477</a>","PAH","SNV","Missense","Pathogenic/Likely pathogenic","Criteria provided/ multiple submitters/ no conflicts","Not provided/ not specified|Phenylketonuria","NM_000277.3(PAH):c.1028A>G (p.Tyr343Cys)","Tyr","Cys",343,"4.028179","No"
"58","<a href=""https://www.ncbi.nlm.nih.gov/clinvar/variation/102479"" target=""_blank"">102479</a>","PAH","SNV","Missense","Likely pathogenic","Criteria provided/ single submitter","Not provided/ not specified|Phenylketonuria","NM_000277.3(PAH):c.1030G>A (p.Gly344Ser)","Gly","Ser",344,"4.552825","No"
"59","<a href=""https://www.ncbi.nlm.nih.gov/clinvar/variation/102483"" target=""_blank"">102483</a>","PAH","SNV","Missense","Likely pathogenic","Reviewed by expert panel","Not provided/ not specified|Phenylketonuria","NM_000277.3(PAH):c.1033G>A (p.Ala345Thr)","Ala","Thr",345,"4.425060","No"
"60","<a href=""https://www.ncbi.nlm.nih.gov/clinvar/variation/102484"" target=""_blank"">102484</a>","PAH","SNV","Missense","Pathogenic/Likely pathogenic","Criteria provided/ multiple submitters/ no conflicts","Not provided/ not specified|Phenylketonuria","NM_000277.3(PAH):c.1033G>T (p.Ala345Ser)","Ala","Ser",345,"4.196369","Yes"
"61","<a href=""https://www.ncbi.nlm.nih.gov/clinvar/variation/102490"" target=""_blank"">102490</a>","PAH","SNV","Missense","Pathogenic","Criteria provided/ single submitter","Not provided/ not specified|Phenylketonuria","NM_000277.3(PAH):c.1045T>G (p.Ser349Ala)","Ser","Ala",349,"3.925659","No"
"62","<a href=""https://www.ncbi.nlm.nih.gov/clinvar/variation/102492"" target=""_blank"">102492</a>","PAH","SNV","Missense","Pathogenic","Criteria provided/ single submitter","Not provided/ not specified|Phenylketonuria","NM_000277.3(PAH):c.1046C>T (p.Ser349Leu)","Ser","Leu",349,"4.773179","No"
"63","<a href=""https://www.ncbi.nlm.nih.gov/clinvar/variation/102495"" target=""_blank"">102495</a>","PAH","SNV","Missense","Pathogenic","Criteria provided/ single submitter","Not provided/ not specified","NM_000277.3(PAH):c.1049C>A (p.Ser350Tyr)","Ser","Tyr",350,"4.589368","No"
"64","<a href=""https://www.ncbi.nlm.nih.gov/clinvar/variation/102514"" target=""_blank"">102514</a>","PAH","SNV","Missense","Likely pathogenic","Reviewed by expert panel","Not provided/ not specified|Phenylketonuria","NM_000277.3(PAH):c.1069T>G (p.Cys357Gly)","Cys","Gly",357,"3.174096","No"
"65","<a href=""https://www.ncbi.nlm.nih.gov/clinvar/variation/102521"" target=""_blank"">102521</a>","PAH","SNV","Missense","Pathogenic/Likely pathogenic","Criteria provided/ multiple submitters/ no conflicts","Not provided/ not specified|Phenylketonuria","NM_000277.3(PAH):c.1097C>A (p.Pro366His)","Pro","His",366,"3.260108","No"
"66","<a href=""https://www.ncbi.nlm.nih.gov/clinvar/variation/102528"" target=""_blank"">102528</a>","PAH","SNV","Missense","Likely pathogenic","Criteria provided/ single submitter","Not provided/ not specified|Phenylketonuria","NM_000277.3(PAH):c.1114A>T (p.Thr372Ser)","Thr","Ser",372,"2.668186","Yes"
"67","<a href=""https://www.ncbi.nlm.nih.gov/clinvar/variation/102537"" target=""_blank"">102537</a>","PAH","SNV","Missense","Likely pathogenic","Criteria provided/ single submitter","Not provided/ not specified|Phenylketonuria","NM_000277.3(PAH):c.1156T>G (p.Tyr386Asp)","Tyr","Asp",386,"3.573453","No"
"68","<a href=""https://www.ncbi.nlm.nih.gov/clinvar/variation/102538"" target=""_blank"">102538</a>","PAH","SNV","Missense","Pathogenic/Likely pathogenic","Criteria provided/ multiple submitters/ no conflicts","Not provided/ not specified|Phenylketonuria","NM_000277.3(PAH):c.1157A>G (p.Tyr386Cys)","Tyr","Cys",386,"3.582787","Yes"
"69","<a href=""https://www.ncbi.nlm.nih.gov/clinvar/variation/102541"" target=""_blank"">102541</a>","PAH","SNV","Missense","Pathogenic","Reviewed by expert panel","Not provided/ not specified|Phenylketonuria","NM_000277.3(PAH):c.1162G>C (p.Val388Leu)","Val","Leu",388,"1.990916","No"
"70","<a href=""https://www.ncbi.nlm.nih.gov/clinvar/variation/102545"" target=""_blank"">102545</a>","PAH","SNV","Missense","Likely pathogenic","Criteria provided/ single submitter","Not provided/ not specified|Phenylketonuria","NM_000277.3(PAH):c.1180G>C (p.Asp394His)","Asp","His",394,"3.949831","No"
"71","<a href=""https://www.ncbi.nlm.nih.gov/clinvar/variation/102547"" target=""_blank"">102547</a>","PAH","SNV","Missense","Pathogenic","Criteria provided/ multiple submitters/ no conflicts","Not provided/ not specified|Phenylketonuria","NM_000277.3(PAH):c.1183G>C (p.Ala395Pro)","Ala","Pro",395,"4.181484","Yes"
"72","<a href=""https://www.ncbi.nlm.nih.gov/clinvar/variation/102549"" target=""_blank"">102549</a>","PAH","SNV","Missense","Pathogenic/Likely pathogenic","Criteria provided/ multiple submitters/ no conflicts","Not provided/ not specified|Phenylketonuria","NM_000277.3(PAH):c.1184C>G (p.Ala395Gly)","Ala","Gly",395,"4.197410","Yes"
"73","<a href=""https://www.ncbi.nlm.nih.gov/clinvar/variation/102561"" target=""_blank"">102561</a>","PAH","SNV","Missense","Likely pathogenic","Criteria provided/ single submitter","Not provided/ not specified|Phenylketonuria","NM_000277.3(PAH):c.1199G>A (p.Arg400Lys)","Arg","Lys",400,"5.056525","No"
"74","<a href=""https://www.ncbi.nlm.nih.gov/clinvar/variation/102562"" target=""_blank"">102562</a>","PAH","SNV","Missense","Pathogenic","Criteria provided/ single submitter","Not provided/ not specified","NM_000277.3(PAH):c.1199G>C (p.Arg400Thr)","Arg","Thr",400,"5.552909","No"
"75","<a href=""https://www.ncbi.nlm.nih.gov/clinvar/variation/102567"" target=""_blank"">102567</a>","PAH","SNV","Missense","Likely pathogenic","Reviewed by expert panel","Not provided/ not specified|Phenylketonuria","NM_000277.3(PAH):c.1217T>C (p.Ile406Thr)","Ile","Thr",406,"3.990508","No"
"76","<a href=""https://www.ncbi.nlm.nih.gov/clinvar/variation/102568"" target=""_blank"">102568</a>","PAH","SNV","Missense","Pathogenic/Likely pathogenic","Criteria provided/ multiple submitters/ no conflicts","Not provided/ not specified|Phenylketonuria","NM_000277.3(PAH):c.1219C>T (p.Pro407Ser)","Pro","Ser",407,"3.408454","No"
"77","<a href=""https://www.ncbi.nlm.nih.gov/clinvar/variation/102569"" target=""_blank"">102569</a>","PAH","SNV","Missense","Pathogenic","Reviewed by expert panel","Not provided/ not specified|Phenylketonuria","NM_000277.3(PAH):c.121C>T (p.Leu41Phe)","Leu","Phe",41,"3.698859","No"
"78","<a href=""https://www.ncbi.nlm.nih.gov/clinvar/variation/102572"" target=""_blank"">102572</a>","PAH","SNV","Missense","Likely pathogenic","Reviewed by expert panel","Not provided/ not specified|Phenylketonuria","NM_000277.3(PAH):c.1229T>G (p.Phe410Cys)","Phe","Cys",410,"4.126924","No"
"79","<a href=""https://www.ncbi.nlm.nih.gov/clinvar/variation/102575"" target=""_blank"">102575</a>","PAH","SNV","Missense","Pathogenic","Criteria provided/ single submitter","Not provided/ not specified|Phenylketonuria","NM_000277.3(PAH):c.1237C>A (p.Arg413Ser)","Arg","Ser",413,"4.211146","No"
"80","<a href=""https://www.ncbi.nlm.nih.gov/clinvar/variation/102579"" target=""_blank"">102579</a>","PAH","SNV","Missense","Pathogenic","Criteria provided/ single submitter","Not provided/ not specified","NM_000277.3(PAH):c.1249T>C (p.Tyr417His)","Tyr","His",417,"3.939974","No"
"81","<a href=""https://www.ncbi.nlm.nih.gov/clinvar/variation/102580"" target=""_blank"">102580</a>","PAH","SNV","Missense","Pathogenic","Criteria provided/ single submitter","Not provided/ not specified|Phenylketonuria","NM_000277.3(PAH):c.1252A>C (p.Thr418Pro)","Thr","Pro",418,"3.518135","Yes"
"82","<a href=""https://www.ncbi.nlm.nih.gov/clinvar/variation/102581"" target=""_blank"">102581</a>","PAH","SNV","Missense","Likely pathogenic","Reviewed by expert panel","Not provided/ not specified|Phenylketonuria","NM_000277.3(PAH):c.125A>T (p.Lys42Ile)","Lys","Ile",42,"3.465162","No"
"83","<a href=""https://www.ncbi.nlm.nih.gov/clinvar/variation/102582"" target=""_blank"">102582</a>","PAH","SNV","Missense","Pathogenic","Criteria provided/ single submitter","Not provided/ not specified|Phenylketonuria","NM_000277.3(PAH):c.1262T>C (p.Ile421Thr)","Ile","Thr",421,"3.766961","Yes"
"84","<a href=""https://www.ncbi.nlm.nih.gov/clinvar/variation/102586"" target=""_blank"">102586</a>","PAH","SNV","Missense","Pathogenic/Likely pathogenic","Criteria provided/ multiple submitters/ no conflicts","Not provided/ not specified|Phenylketonuria","NM_000277.3(PAH):c.1301C>A (p.Ala434Asp)","Ala","Asp",434,"4.169042","No"
"85","<a href=""https://www.ncbi.nlm.nih.gov/clinvar/variation/102595"" target=""_blank"">102595</a>","PAH","SNV","Missense","Pathogenic","Criteria provided/ multiple submitters/ no conflicts","Not provided/ not specified|Phenylketonuria","NM_000277.3(PAH):c.1340C>A (p.Ala447Asp)","Ala","Asp",447,"4.068886","Yes"
"86","<a href=""https://www.ncbi.nlm.nih.gov/clinvar/variation/102599"" target=""_blank"">102599</a>","PAH","SNV","Missense","Pathogenic","Criteria provided/ single submitter","Not provided/ not specified|Phenylketonuria","NM_000277.3(PAH):c.155T>C (p.Leu52Ser)","Leu","Ser",52,"3.817359","No"
"87","<a href=""https://www.ncbi.nlm.nih.gov/clinvar/variation/102602"" target=""_blank"">102602</a>","PAH","SNV","Missense","Likely pathogenic","Reviewed by expert panel","Not provided/ not specified|Phenylketonuria","NM_000277.3(PAH):c.161T>C (p.Leu54Ser)","Leu","Ser",54,"3.760242","Yes"
"88","<a href=""https://www.ncbi.nlm.nih.gov/clinvar/variation/102617"" target=""_blank"">102617</a>","PAH","SNV","Missense","Pathogenic","Criteria provided/ single submitter","Not provided/ not specified|Phenylketonuria","NM_000277.3(PAH):c.181A>G (p.Asn61Asp)","Asn","Asp",61,"3.310657","No"
"89","<a href=""https://www.ncbi.nlm.nih.gov/clinvar/variation/102618"" target=""_blank"">102618</a>","PAH","SNV","Missense","Likely pathogenic","Reviewed by expert panel","Not provided/ not specified|Phenylketonuria","NM_000277.3(PAH):c.183C>G (p.Asn61Lys)","Asn","Lys",61,"2.224786","Yes"
"90","<a href=""https://www.ncbi.nlm.nih.gov/clinvar/variation/102622"" target=""_blank"">102622</a>","PAH","SNV","Missense","Pathogenic","Criteria provided/ single submitter","Not provided/ not specified|Phenylketonuria","NM_000277.3(PAH):c.193A>G (p.Ile65Val)","Ile","Val",65,"3.140744","Yes"
"91","<a href=""https://www.ncbi.nlm.nih.gov/clinvar/variation/102623"" target=""_blank"">102623</a>","PAH","SNV","Missense","Likely pathogenic","Reviewed by expert panel","Not provided/ not specified|Phenylketonuria","NM_000277.3(PAH):c.194T>A (p.Ile65Asn)","Ile","Asn",65,"4.137199","No"
"92","<a href=""https://www.ncbi.nlm.nih.gov/clinvar/variation/102625"" target=""_blank"">102625</a>","PAH","SNV","Missense","Pathogenic/Likely pathogenic","Criteria provided/ multiple submitters/ no conflicts","Not provided/ not specified|Phenylketonuria","NM_000277.3(PAH):c.199T>C (p.Ser67Pro)","Ser","Pro",67,"4.086123","Yes"
"93","<a href=""https://www.ncbi.nlm.nih.gov/clinvar/variation/102626"" target=""_blank"">102626</a>","PAH","SNV","Missense","Pathogenic","Reviewed by expert panel","Not provided/ not specified|Phenylketonuria","NM_000277.3(PAH):c.1A>T (p.Met1Leu)","Met","Leu",1,"1.324890","No"
"94","<a href=""https://www.ncbi.nlm.nih.gov/clinvar/variation/102633"" target=""_blank"">102633</a>","PAH","SNV","Missense","Likely pathogenic","Reviewed by expert panel","Not provided/ not specified|Phenylketonuria","NM_000277.3(PAH):c.212G>A (p.Arg71His)","Arg","His",71,"3.544451","No"
"95","<a href=""https://www.ncbi.nlm.nih.gov/clinvar/variation/102634"" target=""_blank"">102634</a>","PAH","SNV","Missense","Pathogenic","Criteria provided/ single submitter","Not provided/ not specified|Phenylketonuria","NM_000277.3(PAH):c.227A>C (p.Glu76Ala)","Glu","Ala",76,"2.786449","No"
"96","<a href=""https://www.ncbi.nlm.nih.gov/clinvar/variation/102637"" target=""_blank"">102637</a>","PAH","SNV","Missense","Pathogenic/Likely pathogenic","Criteria provided/ multiple submitters/ no conflicts","Not provided/ not specified|Phenylketonuria","NM_000277.3(PAH):c.241A>C (p.Thr81Pro)","Thr","Pro",81,"3.655951","No"
"97","<a href=""https://www.ncbi.nlm.nih.gov/clinvar/variation/102639"" target=""_blank"">102639</a>","PAH","SNV","Missense","Pathogenic/Likely pathogenic","Criteria provided/ multiple submitters/ no conflicts","Not provided/ not specified|Phenylketonuria","NM_000277.3(PAH):c.250G>T (p.Asp84Tyr)","Asp","Tyr",84,"4.323662","Yes"
"98","<a href=""https://www.ncbi.nlm.nih.gov/clinvar/variation/102645"" target=""_blank"">102645</a>","PAH","SNV","Missense","Pathogenic/Likely pathogenic","Criteria provided/ multiple submitters/ no conflicts","Not provided/ not specified|Phenylketonuria","NM_000277.3(PAH):c.283A>T (p.Ile95Phe)","Ile","Phe",95,"2.294624","Yes"
"99","<a href=""https://www.ncbi.nlm.nih.gov/clinvar/variation/102647"" target=""_blank"">102647</a>","PAH","SNV","Missense","Pathogenic","Reviewed by expert panel","Not provided/ not specified|Phenylketonuria","NM_000277.3(PAH):c.2T>G (p.Met1Arg)","Met","Arg",1,"3.055662","No"
"100","<a href=""https://www.ncbi.nlm.nih.gov/clinvar/variation/102650"" target=""_blank"">102650</a>","PAH","SNV","Missense","Pathogenic","Reviewed by expert panel","Not provided/ not specified|Phenylketonuria","NM_000277.3(PAH):c.311C>A (p.Ala104Asp)","Ala","Asp",104,"2.062838","Yes"
"101","<a href=""https://www.ncbi.nlm.nih.gov/clinvar/variation/102657"" target=""_blank"">102657</a>","PAH","SNV","Missense","Pathogenic","Criteria provided/ single submitter","Not provided/ not specified|Phenylketonuria","NM_000277.3(PAH):c.365C>A (p.Pro122Gln)","Pro","Gln",122,"4.071331","No"
"102","<a href=""https://www.ncbi.nlm.nih.gov/clinvar/variation/102660"" target=""_blank"">102660</a>","PAH","SNV","Missense","Pathogenic/Likely pathogenic","Criteria provided/ multiple submitters/ no conflicts","Not provided/ not specified|Phenylketonuria","NM_000277.3(PAH):c.385G>T (p.Asp129Tyr)","Asp","Tyr",129,"4.265228","No"
"103","<a href=""https://www.ncbi.nlm.nih.gov/clinvar/variation/102661"" target=""_blank"">102661</a>","PAH","SNV","Missense","Likely pathogenic","Reviewed by expert panel","Not provided/ not specified|Phenylketonuria","NM_000277.3(PAH):c.386A>G (p.Asp129Gly)","Asp","Gly",129,"4.690020","Yes"
"104","<a href=""https://www.ncbi.nlm.nih.gov/clinvar/variation/102666"" target=""_blank"">102666</a>","PAH","SNV","Missense","Pathogenic","Criteria provided/ single submitter","Not provided/ not specified|Phenylketonuria","NM_000277.3(PAH):c.428A>G (p.Asp143Gly)","Asp","Gly",143,"3.965744","No"
"105","<a href=""https://www.ncbi.nlm.nih.gov/clinvar/variation/102667"" target=""_blank"">102667</a>","PAH","SNV","Missense","Likely pathogenic","Reviewed by expert panel","Not provided/ not specified|Phenylketonuria","NM_000277.3(PAH):c.434A>T (p.Asp145Val)","Asp","Val",145,"3.830682","Yes"
"106","<a href=""https://www.ncbi.nlm.nih.gov/clinvar/variation/102669"" target=""_blank"">102669</a>","PAH","SNV","Missense","Likely pathogenic","Reviewed by expert panel","Not provided/ not specified|Phenylketonuria","NM_000277.3(PAH):c.439C>T (p.Pro147Ser)","Pro","Ser",147,"4.097871","Yes"
"107","<a href=""https://www.ncbi.nlm.nih.gov/clinvar/variation/102670"" target=""_blank"">102670</a>","PAH","SNV","Missense","Likely pathogenic","Reviewed by expert panel","Not provided/ not specified|Phenylketonuria","NM_000277.3(PAH):c.440C>T (p.Pro147Leu)","Pro","Leu",147,"4.440182","No"
"108","<a href=""https://www.ncbi.nlm.nih.gov/clinvar/variation/102680"" target=""_blank"">102680</a>","PAH","SNV","Missense","Likely pathogenic","Reviewed by expert panel","Not provided/ not specified|Phenylketonuria","NM_000277.3(PAH):c.442G>A (p.Gly148Ser)","Gly","Ser",148,"5.054869","Yes"
"109","<a href=""https://www.ncbi.nlm.nih.gov/clinvar/variation/102685"" target=""_blank"">102685</a>","PAH","SNV","Missense","Likely pathogenic","Reviewed by expert panel","Not provided/ not specified|Phenylketonuria","NM_000277.3(PAH):c.460T>C (p.Tyr154His)","Tyr","His",154,"4.114015","No"
"110","<a href=""https://www.ncbi.nlm.nih.gov/clinvar/variation/102686"" target=""_blank"">102686</a>","PAH","SNV","Missense","Pathogenic","Reviewed by expert panel","Not provided/ not specified|Phenylketonuria","NM_000277.3(PAH):c.464G>A (p.Arg155His)","Arg","His",155,"4.243254","Yes"
"111","<a href=""https://www.ncbi.nlm.nih.gov/clinvar/variation/102687"" target=""_blank"">102687</a>","PAH","SNV","Missense","Likely pathogenic","Reviewed by expert panel","Not provided/ not specified|Phenylketonuria","NM_000277.3(PAH):c.464G>C (p.Arg155Pro)","Arg","Pro",155,"4.190072","No"
"112","<a href=""https://www.ncbi.nlm.nih.gov/clinvar/variation/102693"" target=""_blank"">102693</a>","PAH","SNV","Missense","Pathogenic","Reviewed by expert panel","Not provided/ not specified|Phenylketonuria","NM_000277.3(PAH):c.472C>T (p.Arg158Trp)","Arg","Trp",158,"3.496909","Yes"
"113","<a href=""https://www.ncbi.nlm.nih.gov/clinvar/variation/102697"" target=""_blank"">102697</a>","PAH","SNV","Missense","Likely pathogenic","Criteria provided/ single submitter","Not provided/ not specified|Phenylketonuria","NM_000277.3(PAH):c.482T>C (p.Phe161Ser)","Phe","Ser",161,"4.113398","No"
"114","<a href=""https://www.ncbi.nlm.nih.gov/clinvar/variation/102698"" target=""_blank"">102698</a>","PAH","SNV","Missense","Likely pathogenic","Reviewed by expert panel","Not provided/ not specified|Phenylketonuria","NM_000277.3(PAH):c.490A>G (p.Ile164Val)","Ile","Val",164,"2.342195","Yes"
"115","<a href=""https://www.ncbi.nlm.nih.gov/clinvar/variation/102700"" target=""_blank"">102700</a>","PAH","SNV","Missense","Likely pathogenic","Reviewed by expert panel","Not provided/ not specified|Phenylketonuria","NM_000277.3(PAH):c.493G>A (p.Ala165Thr)","Ala","Thr",165,"4.087746","Yes"
"116","<a href=""https://www.ncbi.nlm.nih.gov/clinvar/variation/102706"" target=""_blank"">102706</a>","PAH","SNV","Missense","Likely pathogenic","Reviewed by expert panel","Not provided/ not specified|Phenylketonuria|BH4-deficient hyperphenylalaninemia A","NM_000277.3(PAH):c.506G>A (p.Arg169His)","Arg","His",169,"3.134725","Yes"
"117","<a href=""https://www.ncbi.nlm.nih.gov/clinvar/variation/102715"" target=""_blank"">102715</a>","PAH","SNV","Missense","Pathogenic","Criteria provided/ single submitter","Not provided/ not specified|Phenylketonuria","NM_000277.3(PAH):c.510T>A (p.His170Gln)","His","Gln",170,"2.767807","Yes"
"118","<a href=""https://www.ncbi.nlm.nih.gov/clinvar/variation/102716"" target=""_blank"">102716</a>","PAH","SNV","Missense","Likely pathogenic","Reviewed by expert panel","Not provided/ not specified|Phenylketonuria","NM_000277.3(PAH):c.511G>A (p.Gly171Arg)","Gly","Arg",171,"5.874169","No"
"119","<a href=""https://www.ncbi.nlm.nih.gov/clinvar/variation/102720"" target=""_blank"">102720</a>","PAH","SNV","Missense","Likely pathogenic","Reviewed by expert panel","Not provided/ not specified|Phenylketonuria","NM_000277.3(PAH):c.520A>G (p.Ile174Val)","Ile","Val",174,"3.649965","No"
"120","<a href=""https://www.ncbi.nlm.nih.gov/clinvar/variation/102721"" target=""_blank"">102721</a>","PAH","SNV","Missense","Pathogenic","Reviewed by expert panel","Not provided/ not specified|Phenylketonuria","NM_000277.3(PAH):c.521T>C (p.Ile174Thr)","Ile","Thr",174,"4.153107","No"
"121","<a href=""https://www.ncbi.nlm.nih.gov/clinvar/variation/102724"" target=""_blank"">102724</a>","PAH","SNV","Missense","Pathogenic","Reviewed by expert panel","Not provided/ not specified|Phenylketonuria","NM_000277.3(PAH):c.527G>A (p.Arg176Gln)","Arg","Gln",176,"1.803468","Yes"
"122","<a href=""https://www.ncbi.nlm.nih.gov/clinvar/variation/102726"" target=""_blank"">102726</a>","PAH","SNV","Missense","Pathogenic","Reviewed by expert panel","Not provided/ not specified|Phenylketonuria|Hyperphenylalaninemia, non-pku","NM_000277.3(PAH):c.529G>A (p.Val177Met)","Val","Met",177,"3.834284","Yes"
"123","<a href=""https://www.ncbi.nlm.nih.gov/clinvar/variation/102727"" target=""_blank"">102727</a>","PAH","SNV","Missense","Pathogenic/Likely pathogenic","Criteria provided/ multiple submitters/ no conflicts","Not provided/ not specified|Phenylketonuria","NM_000277.3(PAH):c.529G>C (p.Val177Leu)","Val","Leu",177,"2.988765","Yes"
"124","<a href=""https://www.ncbi.nlm.nih.gov/clinvar/variation/102729"" target=""_blank"">102729</a>","PAH","SNV","Missense","Likely pathogenic","Reviewed by expert panel","Not provided/ not specified|Phenylketonuria","NM_000277.3(PAH):c.535T>A (p.Tyr179Asn)","Tyr","Asn",179,"4.006373","No"
"125","<a href=""https://www.ncbi.nlm.nih.gov/clinvar/variation/102731"" target=""_blank"">102731</a>","PAH","SNV","Missense","Likely pathogenic","Reviewed by expert panel","Not provided/ not specified|Phenylketonuria","NM_000277.3(PAH):c.545A>G (p.Glu182Gly)","Glu","Gly",182,"4.450427","Yes"
"126","<a href=""https://www.ncbi.nlm.nih.gov/clinvar/variation/102735"" target=""_blank"">102735</a>","PAH","SNV","Missense","Likely pathogenic","Reviewed by expert panel","Not provided/ not specified|Phenylketonuria","NM_000277.3(PAH):c.559T>C (p.Trp187Arg)","Trp","Arg",187,"3.576450","No"
"127","<a href=""https://www.ncbi.nlm.nih.gov/clinvar/variation/102738"" target=""_blank"">102738</a>","PAH","SNV","Missense","Likely pathogenic","Criteria provided/ single submitter","Not provided/ not specified|Phenylketonuria","NM_000277.3(PAH):c.563G>A (p.Gly188Asp)","Gly","Asp",188,"3.970676","No"
"128","<a href=""https://www.ncbi.nlm.nih.gov/clinvar/variation/102740"" target=""_blank"">102740</a>","PAH","SNV","Missense","Pathogenic","Criteria provided/ multiple submitters/ no conflicts","Not provided/ not specified|Phenylketonuria","NM_000277.3(PAH):c.569T>C (p.Val190Ala)","Val","Ala",190,"3.219633","No"
"129","<a href=""https://www.ncbi.nlm.nih.gov/clinvar/variation/102742"" target=""_blank"">102742</a>","PAH","SNV","Missense","Likely pathogenic","Reviewed by expert panel","Not provided/ not specified|Phenylketonuria","NM_000277.3(PAH):c.581T>C (p.Leu194Pro)","Leu","Pro",194,"2.959603","Yes"
"130","<a href=""https://www.ncbi.nlm.nih.gov/clinvar/variation/102752"" target=""_blank"">102752</a>","PAH","SNV","Missense","Likely pathogenic","Reviewed by expert panel","Not provided/ not specified|Phenylketonuria|Hyperphenylalaninemia, non-pku","NM_000277.3(PAH):c.601C>T (p.His201Tyr)","His","Tyr",201,"2.946408","Yes"
"131","<a href=""https://www.ncbi.nlm.nih.gov/clinvar/variation/102753"" target=""_blank"">102753</a>","PAH","SNV","Missense","Likely pathogenic","Criteria provided/ single submitter","Not provided/ not specified|Phenylketonuria","NM_000277.3(PAH):c.602A>G (p.His201Arg)","His","Arg",201,"3.399836","No"
"132","<a href=""https://www.ncbi.nlm.nih.gov/clinvar/variation/102759"" target=""_blank"">102759</a>","PAH","SNV","Missense","Likely pathogenic","Reviewed by expert panel","Not provided/ not specified|Phenylketonuria","NM_000277.3(PAH):c.613G>A (p.Glu205Lys)","Glu","Lys",205,"4.280859","No"
"133","<a href=""https://www.ncbi.nlm.nih.gov/clinvar/variation/102766"" target=""_blank"">102766</a>","PAH","SNV","Missense","Pathogenic/Likely pathogenic","Criteria provided/ multiple submitters/ no conflicts","Not provided/ not specified|Phenylketonuria|BH4-deficient hyperphenylalaninemia A","NM_000277.3(PAH):c.631C>A (p.Pro211Thr)","Pro","Thr",211,"3.910393","Yes"
"134","<a href=""https://www.ncbi.nlm.nih.gov/clinvar/variation/102768"" target=""_blank"">102768</a>","PAH","SNV","Missense","Likely pathogenic","Criteria provided/ single submitter","Not provided/ not specified|Phenylketonuria","NM_000277.3(PAH):c.635T>C (p.Leu212Pro)","Leu","Pro",212,"4.192329","No"
"135","<a href=""https://www.ncbi.nlm.nih.gov/clinvar/variation/102773"" target=""_blank"">102773</a>","PAH","SNV","Missense","Pathogenic","Criteria provided/ multiple submitters/ no conflicts","Not provided/ not specified|Phenylketonuria","NM_000277.3(PAH):c.653G>T (p.Gly218Val)","Gly","Val",218,"4.062258","Yes"
"136","<a href=""https://www.ncbi.nlm.nih.gov/clinvar/variation/102775"" target=""_blank"">102775</a>","PAH","SNV","Missense","Pathogenic","Criteria provided/ single submitter","Not provided/ not specified|Phenylketonuria","NM_000277.3(PAH):c.665A>G (p.Asp222Gly)","Asp","Gly",222,"3.456271","No"
"137","<a href=""https://www.ncbi.nlm.nih.gov/clinvar/variation/102777"" target=""_blank"">102777</a>","PAH","SNV","Missense","Likely pathogenic","Criteria provided/ single submitter","Not provided/ not specified|Phenylketonuria","NM_000277.3(PAH):c.671T>C (p.Ile224Thr)","Ile","Thr",224,"3.830605","No"
"138","<a href=""https://www.ncbi.nlm.nih.gov/clinvar/variation/102779"" target=""_blank"">102779</a>","PAH","SNV","Missense","Pathogenic","Criteria provided/ multiple submitters/ no conflicts","Not provided/ not specified|Phenylketonuria","NM_000277.3(PAH):c.673C>A (p.Pro225Thr)","Pro","Thr",225,"3.826288","No"
"139","<a href=""https://www.ncbi.nlm.nih.gov/clinvar/variation/102784"" target=""_blank"">102784</a>","PAH","SNV","Missense","Likely pathogenic","Reviewed by expert panel","Not provided/ not specified|Phenylketonuria","NM_000277.3(PAH):c.688G>A (p.Val230Ile)","Val","Ile",230,"2.304281","Yes"
"140","<a href=""https://www.ncbi.nlm.nih.gov/clinvar/variation/102786"" target=""_blank"">102786</a>","PAH","SNV","Missense","Pathogenic","Criteria provided/ multiple submitters/ no conflicts","Not provided/ not specified|Phenylketonuria","NM_000277.3(PAH):c.691T>C (p.Ser231Pro)","Ser","Pro",231,"4.023555","No"
"141","<a href=""https://www.ncbi.nlm.nih.gov/clinvar/variation/102796"" target=""_blank"">102796</a>","PAH","SNV","Missense","Likely pathogenic","Reviewed by expert panel","Not provided/ not specified|Phenylketonuria","NM_000277.3(PAH):c.712A>C (p.Thr238Pro)","Thr","Pro",238,"3.812652","No"
"142","<a href=""https://www.ncbi.nlm.nih.gov/clinvar/variation/102800"" target=""_blank"">102800</a>","PAH","SNV","Missense","Likely pathogenic","Reviewed by expert panel","Not provided/ not specified|Phenylketonuria","NM_000277.3(PAH):c.716G>T (p.Gly239Val)","Gly","Val",239,"3.899384","No"
"143","<a href=""https://www.ncbi.nlm.nih.gov/clinvar/variation/102803"" target=""_blank"">102803</a>","PAH","SNV","Missense","Pathogenic","Reviewed by expert panel","Not provided/ not specified|Phenylketonuria","NM_000277.3(PAH):c.721C>T (p.Arg241Cys)","Arg","Cys",241,"4.046592","Yes"
"144","<a href=""https://www.ncbi.nlm.nih.gov/clinvar/variation/102804"" target=""_blank"">102804</a>","PAH","SNV","Missense","Pathogenic","Reviewed by expert panel","Not provided/ not specified|Phenylketonuria","NM_000277.3(PAH):c.722G>A (p.Arg241His)","Arg","His",241,"4.022102","Yes"
"145","<a href=""https://www.ncbi.nlm.nih.gov/clinvar/variation/102805"" target=""_blank"">102805</a>","PAH","SNV","Missense","Pathogenic","Criteria provided/ single submitter","Not provided/ not specified|Phenylketonuria","NM_000277.3(PAH):c.722G>T (p.Arg241Leu)","Arg","Leu",241,"3.454561","Yes"
"146","<a href=""https://www.ncbi.nlm.nih.gov/clinvar/variation/102807"" target=""_blank"">102807</a>","PAH","SNV","Missense","Pathogenic/Likely pathogenic","Criteria provided/ multiple submitters/ no conflicts","Not provided/ not specified|Phenylketonuria","NM_000277.3(PAH):c.724C>T (p.Leu242Phe)","Leu","Phe",242,"3.556345","No"
"147","<a href=""https://www.ncbi.nlm.nih.gov/clinvar/variation/102810"" target=""_blank"">102810</a>","PAH","SNV","Missense","Pathogenic/Likely pathogenic","Criteria provided/ multiple submitters/ no conflicts","Not provided/ not specified|Phenylketonuria","NM_000277.3(PAH):c.733G>C (p.Val245Leu)","Val","Leu",245,"3.884562","Yes"
"148","<a href=""https://www.ncbi.nlm.nih.gov/clinvar/variation/102811"" target=""_blank"">102811</a>","PAH","SNV","Missense","Pathogenic","Criteria provided/ single submitter","Not provided/ not specified|Phenylketonuria","NM_000277.3(PAH):c.734T>A (p.Val245Glu)","Val","Glu",245,"4.044581","Yes"
"149","<a href=""https://www.ncbi.nlm.nih.gov/clinvar/variation/102812"" target=""_blank"">102812</a>","PAH","SNV","Missense","Pathogenic","Criteria provided/ single submitter","Not provided/ not specified","NM_000277.3(PAH):c.737C>A (p.Ala246Asp)","Ala","Asp",246,"4.110750","No"
"150","<a href=""https://www.ncbi.nlm.nih.gov/clinvar/variation/102815"" target=""_blank"">102815</a>","PAH","SNV","Missense","Likely pathogenic","Reviewed by expert panel","Not provided/ not specified|Phenylketonuria","NM_000277.3(PAH):c.739G>A (p.Gly247Ser)","Gly","Ser",247,"4.323310","No"
"151","<a href=""https://www.ncbi.nlm.nih.gov/clinvar/variation/102816"" target=""_blank"">102816</a>","PAH","SNV","Missense","Likely pathogenic","Reviewed by expert panel","Not provided/ not specified|Phenylketonuria","NM_000277.3(PAH):c.739G>C (p.Gly247Arg)","Gly","Arg",247,"4.213215","No"
"152","<a href=""https://www.ncbi.nlm.nih.gov/clinvar/variation/102818"" target=""_blank"">102818</a>","PAH","SNV","Missense","Pathogenic/Likely pathogenic","Criteria provided/ multiple submitters/ no conflicts","Not provided/ not specified|Phenylketonuria","NM_000277.3(PAH):c.740G>T (p.Gly247Val)","Gly","Val",247,"4.056916","No"
"153","<a href=""https://www.ncbi.nlm.nih.gov/clinvar/variation/102821"" target=""_blank"">102821</a>","PAH","SNV","Missense","Pathogenic","Reviewed by expert panel","Not provided/ not specified|Phenylketonuria","NM_000277.3(PAH):c.745C>T (p.Leu249Phe)","Leu","Phe",249,"3.761247","Yes"
"154","<a href=""https://www.ncbi.nlm.nih.gov/clinvar/variation/102823"" target=""_blank"">102823</a>","PAH","SNV","Missense","Pathogenic","Reviewed by expert panel","Not provided/ not specified|Phenylketonuria","NM_000277.3(PAH):c.754C>G (p.Arg252Gly)","Arg","Gly",252,"3.654949","No"
"155","<a href=""https://www.ncbi.nlm.nih.gov/clinvar/variation/102824"" target=""_blank"">102824</a>","PAH","SNV","Missense","Pathogenic","Reviewed by expert panel","Not provided/ not specified|Phenylketonuria","NM_000277.3(PAH):c.755G>A (p.Arg252Gln)","Arg","Gln",252,"4.468923","Yes"
"156","<a href=""https://www.ncbi.nlm.nih.gov/clinvar/variation/102830"" target=""_blank"">102830</a>","PAH","SNV","Missense","Pathogenic/Likely pathogenic","Criteria provided/ multiple submitters/ no conflicts","Not provided/ not specified|Phenylketonuria","NM_000277.3(PAH):c.770G>T (p.Gly257Val)","Gly","Val",257,"4.007489","No"
"157","<a href=""https://www.ncbi.nlm.nih.gov/clinvar/variation/102831"" target=""_blank"">102831</a>","PAH","SNV","Missense","Pathogenic/Likely pathogenic","Criteria provided/ multiple submitters/ no conflicts","Not provided/ not specified|Phenylketonuria","NM_000277.3(PAH):c.775G>A (p.Ala259Thr)","Ala","Thr",259,"4.095428","Yes"
"158","<a href=""https://www.ncbi.nlm.nih.gov/clinvar/variation/102832"" target=""_blank"">102832</a>","PAH","SNV","Missense","Pathogenic","Reviewed by expert panel","Not provided/ not specified|Phenylketonuria","NM_000277.3(PAH):c.782G>C (p.Arg261Pro)","Arg","Pro",261,"4.337082","No"
"159","<a href=""https://www.ncbi.nlm.nih.gov/clinvar/variation/102836"" target=""_blank"">102836</a>","PAH","SNV","Missense","Likely pathogenic","Criteria provided/ single submitter","Not provided/ not specified|Phenylketonuria","NM_000277.3(PAH):c.794G>A (p.Cys265Tyr)","Cys","Tyr",265,"3.883331","No"
"160","<a href=""https://www.ncbi.nlm.nih.gov/clinvar/variation/102839"" target=""_blank"">102839</a>","PAH","SNV","Missense","Pathogenic","Reviewed by expert panel","Not provided/ not specified|Phenylketonuria","NM_000277.3(PAH):c.799C>G (p.Gln267Glu)","Gln","Glu",267,"3.750868","No"
"161","<a href=""https://www.ncbi.nlm.nih.gov/clinvar/variation/102840"" target=""_blank"">102840</a>","PAH","SNV","Missense","Likely pathogenic","Reviewed by expert panel","Not provided/ not specified|Phenylketonuria","NM_000277.3(PAH):c.801G>C (p.Gln267His)","Gln","His",267,"3.283608","No"
"162","<a href=""https://www.ncbi.nlm.nih.gov/clinvar/variation/102842"" target=""_blank"">102842</a>","PAH","SNV","Missense","Pathogenic","Reviewed by expert panel","Not provided/ not specified|Phenylketonuria","NM_000277.3(PAH):c.805A>C (p.Ile269Leu)","Ile","Leu",269,"3.247270","Yes"
"163","<a href=""https://www.ncbi.nlm.nih.gov/clinvar/variation/102843"" target=""_blank"">102843</a>","PAH","SNV","Missense","Likely pathogenic","Criteria provided/ multiple submitters/ no conflicts","Not provided/ not specified|Phenylketonuria","NM_000277.3(PAH):c.806T>A (p.Ile269Asn)","Ile","Asn",269,"4.110465","No"
"164","<a href=""https://www.ncbi.nlm.nih.gov/clinvar/variation/102846"" target=""_blank"">102846</a>","PAH","SNV","Missense","Pathogenic","Reviewed by expert panel","Not provided/ not specified|Phenylketonuria","NM_000277.3(PAH):c.809G>A (p.Arg270Lys)","Arg","Lys",270,"4.082086","Yes"
"165","<a href=""https://www.ncbi.nlm.nih.gov/clinvar/variation/102850"" target=""_blank"">102850</a>","PAH","SNV","Missense","Likely pathogenic","Reviewed by expert panel","Not provided/ not specified|Phenylketonuria","NM_000277.3(PAH):c.812A>G (p.His271Arg)","His","Arg",271,"3.663829","Yes"
"166","<a href=""https://www.ncbi.nlm.nih.gov/clinvar/variation/102853"" target=""_blank"">102853</a>","PAH","SNV","Missense","Pathogenic","Reviewed by expert panel","Not provided/ not specified|Phenylketonuria","NM_000277.3(PAH):c.823C>T (p.Pro275Ser)","Pro","Ser",275,"4.066217","No"
"167","<a href=""https://www.ncbi.nlm.nih.gov/clinvar/variation/102854"" target=""_blank"">102854</a>","PAH","SNV","Missense","Likely pathogenic","Reviewed by expert panel","Not provided/ not specified|Phenylketonuria","NM_000277.3(PAH):c.824C>G (p.Pro275Arg)","Pro","Arg",275,"4.066430","No"
"168","<a href=""https://www.ncbi.nlm.nih.gov/clinvar/variation/102855"" target=""_blank"">102855</a>","PAH","SNV","Missense","Likely pathogenic","Criteria provided/ single submitter","Not provided/ not specified|Phenylketonuria","NM_000277.3(PAH):c.824C>T (p.Pro275Leu)","Pro","Leu",275,"4.240984","No"
"169","<a href=""https://www.ncbi.nlm.nih.gov/clinvar/variation/102856"" target=""_blank"">102856</a>","PAH","SNV","Missense","Likely pathogenic","Reviewed by expert panel","Not provided/ not specified|Phenylketonuria","NM_000277.3(PAH):c.826A>G (p.Met276Val)","Met","Val",276,"2.697915","No"
"170","<a href=""https://www.ncbi.nlm.nih.gov/clinvar/variation/102857"" target=""_blank"">102857</a>","PAH","SNV","Missense","Likely pathogenic","Reviewed by expert panel","Not provided/ not specified|Phenylketonuria","NM_000277.3(PAH):c.827T>A (p.Met276Lys)","Met","Lys",276,"2.550572","No"
"171","<a href=""https://www.ncbi.nlm.nih.gov/clinvar/variation/102858"" target=""_blank"">102858</a>","PAH","SNV","Missense","Likely pathogenic","Reviewed by expert panel","Not provided/ not specified|Phenylketonuria","NM_000277.3(PAH):c.827T>G (p.Met276Arg)","Met","Arg",276,"3.738111","No"
"172","<a href=""https://www.ncbi.nlm.nih.gov/clinvar/variation/102860"" target=""_blank"">102860</a>","PAH","SNV","Missense","Likely pathogenic","Criteria provided/ single submitter","Not provided/ not specified|Phenylketonuria","NM_000277.3(PAH):c.830A>G (p.Tyr277Cys)","Tyr","Cys",277,"3.557840","Yes"
"173","<a href=""https://www.ncbi.nlm.nih.gov/clinvar/variation/102862"" target=""_blank"">102862</a>","PAH","SNV","Missense","Pathogenic/Likely pathogenic","Criteria provided/ multiple submitters/ no conflicts","Not provided/ not specified|Phenylketonuria","NM_000277.3(PAH):c.833C>A (p.Thr278Asn)","Thr","Asn",278,"3.381646","No"
"174","<a href=""https://www.ncbi.nlm.nih.gov/clinvar/variation/102863"" target=""_blank"">102863</a>","PAH","SNV","Missense","Pathogenic","Criteria provided/ multiple submitters/ no conflicts","Not provided/ not specified|Phenylketonuria","NM_000277.3(PAH):c.833C>T (p.Thr278Ile)","Thr","Ile",278,"3.547382","No"
"175","<a href=""https://www.ncbi.nlm.nih.gov/clinvar/variation/102866"" target=""_blank"">102866</a>","PAH","SNV","Missense","Pathogenic","Criteria provided/ single submitter","Not provided/ not specified|Phenylketonuria","NM_000277.3(PAH):c.839A>G (p.Glu280Gly)","Glu","Gly",280,"4.078107","No"
"176","<a href=""https://www.ncbi.nlm.nih.gov/clinvar/variation/102874"" target=""_blank"">102874</a>","PAH","SNV","Missense","Pathogenic/Likely pathogenic","Criteria provided/ multiple submitters/ no conflicts","Not provided/ not specified|Phenylketonuria","NM_000277.3(PAH):c.844G>A (p.Asp282Asn)","Asp","Asn",282,"5.534963","Yes"
"177","<a href=""https://www.ncbi.nlm.nih.gov/clinvar/variation/102876"" target=""_blank"">102876</a>","PAH","SNV","Missense","Pathogenic","Criteria provided/ multiple submitters/ no conflicts","Not provided/ not specified|Phenylketonuria","NM_000277.3(PAH):c.847A>T (p.Ile283Phe)","Ile","Phe",283,"3.774664","Yes"
"178","<a href=""https://www.ncbi.nlm.nih.gov/clinvar/variation/102877"" target=""_blank"">102877</a>","PAH","SNV","Missense","Pathogenic","Reviewed by expert panel","Not provided/ not specified|Phenylketonuria","NM_000277.3(PAH):c.848T>A (p.Ile283Asn)","Ile","Asn",283,"4.107554","No"
"179","<a href=""https://www.ncbi.nlm.nih.gov/clinvar/variation/102880"" target=""_blank"">102880</a>","PAH","SNV","Missense","Pathogenic","Reviewed by expert panel","Not provided/ not specified|Phenylketonuria","NM_000277.3(PAH):c.856G>A (p.Glu286Lys)","Glu","Lys",286,"4.763172","Yes"
"180","<a href=""https://www.ncbi.nlm.nih.gov/clinvar/variation/102882"" target=""_blank"">102882</a>","PAH","SNV","Missense","Pathogenic","Reviewed by expert panel","Not provided/ not specified|Phenylketonuria","NM_000277.3(PAH):c.865G>C (p.Gly289Arg)","Gly","Arg",289,"4.246035","No"
"181","<a href=""https://www.ncbi.nlm.nih.gov/clinvar/variation/102885"" target=""_blank"">102885</a>","PAH","SNV","Missense","Likely pathogenic","Reviewed by expert panel","Not provided/ not specified|Phenylketonuria","NM_000277.3(PAH):c.889C>T (p.Arg297Cys)","Arg","Cys",297,"4.188583","Yes"
"182","<a href=""https://www.ncbi.nlm.nih.gov/clinvar/variation/102889"" target=""_blank"">102889</a>","PAH","SNV","Missense","Likely pathogenic","Reviewed by expert panel","Not provided/ not specified|Phenylketonuria","NM_000277.3(PAH):c.907T>C (p.Ser303Pro)","Ser","Pro",303,"4.237298","No"
"183","<a href=""https://www.ncbi.nlm.nih.gov/clinvar/variation/102897"" target=""_blank"">102897</a>","PAH","SNV","Missense","Pathogenic/Likely pathogenic","Criteria provided/ multiple submitters/ no conflicts","Not provided/ not specified|Phenylketonuria","NM_000277.3(PAH):c.926C>A (p.Ala309Asp)","Ala","Asp",309,"3.984552","Yes"
"184","<a href=""https://www.ncbi.nlm.nih.gov/clinvar/variation/102899"" target=""_blank"">102899</a>","PAH","SNV","Missense","Pathogenic/Likely pathogenic","Criteria provided/ multiple submitters/ no conflicts","Not provided/ not specified|Phenylketonuria","NM_000277.3(PAH):c.929C>T (p.Ser310Phe)","Ser","Phe",310,"4.010982","No"
"185","<a href=""https://www.ncbi.nlm.nih.gov/clinvar/variation/102901"" target=""_blank"">102901</a>","PAH","SNV","Missense","Likely pathogenic","Reviewed by expert panel","Not provided/ not specified|Phenylketonuria","NM_000277.3(PAH):c.935G>A (p.Gly312Asp)","Gly","Asp",312,"3.535151","No"
"186","<a href=""https://www.ncbi.nlm.nih.gov/clinvar/variation/102904"" target=""_blank"">102904</a>","PAH","SNV","Missense","Pathogenic/Likely pathogenic","Criteria provided/ multiple submitters/ no conflicts","Not provided/ not specified|Phenylketonuria","NM_000277.3(PAH):c.940C>A (p.Pro314Thr)","Pro","Thr",314,"2.511771","Yes"
"187","<a href=""https://www.ncbi.nlm.nih.gov/clinvar/variation/102905"" target=""_blank"">102905</a>","PAH","SNV","Missense","Pathogenic","Reviewed by expert panel","Not provided/ not specified|Phenylketonuria","NM_000277.3(PAH):c.940C>T (p.Pro314Ser)","Pro","Ser",314,"1.955453","No"
"188","<a href=""https://www.ncbi.nlm.nih.gov/clinvar/variation/102907"" target=""_blank"">102907</a>","PAH","SNV","Missense","Pathogenic/Likely pathogenic","Criteria provided/ multiple submitters/ no conflicts","Not provided/ not specified|Phenylketonuria","NM_000277.3(PAH):c.941C>A (p.Pro314His)","Pro","His",314,"3.710241","No"
"189","<a href=""https://www.ncbi.nlm.nih.gov/clinvar/variation/102910"" target=""_blank"">102910</a>","PAH","SNV","Missense","Pathogenic","Criteria provided/ multiple submitters/ no conflicts","Not provided/ not specified|Phenylketonuria","NM_000277.3(PAH):c.960G>C (p.Lys320Asn)","Lys","Asn",320,"2.634858","No"
"190","<a href=""https://www.ncbi.nlm.nih.gov/clinvar/variation/102912"" target=""_blank"">102912</a>","PAH","SNV","Missense","Pathogenic","Criteria provided/ single submitter","Not provided/ not specified|Phenylketonuria","NM_000277.3(PAH):c.964G>A (p.Ala322Thr)","Ala","Thr",322,"3.532062","Yes"
"191","<a href=""https://www.ncbi.nlm.nih.gov/clinvar/variation/120260"" target=""_blank"">120260</a>","PAH","SNV","Missense","Likely pathogenic","Reviewed by expert panel","Phenylketonuria","NM_000277.3(PAH):c.1163T>C (p.Val388Ala)","Val","Ala",388,"3.269243","No"
"192","<a href=""https://www.ncbi.nlm.nih.gov/clinvar/variation/120262"" target=""_blank"">120262</a>","PAH","SNV","Missense","Likely pathogenic","Reviewed by expert panel","Phenylketonuria","NM_000277.3(PAH):c.1180G>T (p.Asp394Tyr)","Asp","Tyr",394,"4.374245","No"
"193","<a href=""https://www.ncbi.nlm.nih.gov/clinvar/variation/120263"" target=""_blank"">120263</a>","PAH","SNV","Missense","Likely pathogenic","Reviewed by expert panel","Phenylketonuria","NM_000277.3(PAH):c.1196T>C (p.Val399Ala)","Val","Ala",399,"3.754973","No"
"194","<a href=""https://www.ncbi.nlm.nih.gov/clinvar/variation/120266"" target=""_blank"">120266</a>","PAH","SNV","Missense","Likely pathogenic","Reviewed by expert panel","Phenylketonuria","NM_000277.3(PAH):c.164T>C (p.Phe55Ser)","Phe","Ser",55,"3.933432","No"
"195","<a href=""https://www.ncbi.nlm.nih.gov/clinvar/variation/120269"" target=""_blank"">120269</a>","PAH","SNV","Missense","Pathogenic","Criteria provided/ single submitter","Phenylketonuria","NM_000277.3(PAH):c.183C>A (p.Asn61Lys)","Asn","Lys",61,"2.292376","No"
"197","<a href=""https://www.ncbi.nlm.nih.gov/clinvar/variation/120280"" target=""_blank"">120280</a>","PAH","SNV","Missense","Likely pathogenic","Reviewed by expert panel","Phenylketonuria","NM_000277.3(PAH):c.591G>C (p.Leu197Phe)","Leu","Phe",197,"2.716396","No"
"198","<a href=""https://www.ncbi.nlm.nih.gov/clinvar/variation/120283"" target=""_blank"">120283</a>","PAH","SNV","Missense","Likely pathogenic","Criteria provided/ multiple submitters/ no conflicts","Phenylketonuria","NM_000277.3(PAH):c.632C>T (p.Pro211Leu)","Pro","Leu",211,"4.239221","No"
"199","<a href=""https://www.ncbi.nlm.nih.gov/clinvar/variation/120285"" target=""_blank"">120285</a>","PAH","SNV","Missense","Likely pathogenic","Reviewed by expert panel","Phenylketonuria","NM_000277.3(PAH):c.785T>G (p.Val262Gly)","Val","Gly",262,"3.963446","No"
"200","<a href=""https://www.ncbi.nlm.nih.gov/clinvar/variation/120286"" target=""_blank"">120286</a>","PAH","SNV","Missense","Likely pathogenic","Reviewed by expert panel","Phenylketonuria","NM_000277.3(PAH):c.796A>C (p.Thr266Pro)","Thr","Pro",266,"3.951046","No"
"201","<a href=""https://www.ncbi.nlm.nih.gov/clinvar/variation/120289"" target=""_blank"">120289</a>","PAH","SNV","Missense","Likely pathogenic","No assertion criteria provided","Phenylketonuria","NM_000277.3(PAH):c.841C>G (p.Pro281Ala)","Pro","Ala",281,"4.333182","No"
"202","<a href=""https://www.ncbi.nlm.nih.gov/clinvar/variation/125436"" target=""_blank"">125436</a>","PAH","SNV","Missense","Likely pathogenic","Reviewed by expert panel","Phenylketonuria","NM_000277.3(PAH):c.505C>T (p.Arg169Cys)","Arg","Cys",169,"2.774147","Yes"
"204","<a href=""https://www.ncbi.nlm.nih.gov/clinvar/variation/203873"" target=""_blank"">203873</a>","PAH","SNV","Missense","Likely pathogenic","Reviewed by expert panel","Not provided/ not specified|Phenylketonuria","NM_000277.3(PAH):c.2T>C (p.Met1Thr)","Met","Thr",1,"2.863636","Yes"
"205","<a href=""https://www.ncbi.nlm.nih.gov/clinvar/variation/208179"" target=""_blank"">208179</a>","PAH","SNV","Missense","Likely pathogenic","No assertion criteria provided","Phenylketonuria","NM_000277.3(PAH):c.1025C>A (p.Ala342Glu)","Ala","Glu",342,"4.176332","No"
"206","<a href=""https://www.ncbi.nlm.nih.gov/clinvar/variation/208181"" target=""_blank"">208181</a>","PAH","SNV","Missense","Likely pathogenic","No assertion criteria provided","Phenylketonuria","NM_000277.3(PAH):c.836C>T (p.Pro279Leu)","Pro","Leu",279,"3.673833","No"
"207","<a href=""https://www.ncbi.nlm.nih.gov/clinvar/variation/208180"" target=""_blank"">208180</a>","PAH","SNV","Missense","Likely pathogenic","Reviewed by expert panel","Phenylketonuria","NM_000277.3(PAH):c.242C>A (p.Thr81Asn)","Thr","Asn",81,"3.343440","No"
"208","<a href=""https://www.ncbi.nlm.nih.gov/clinvar/variation/225136"" target=""_blank"">225136</a>","PAH","SNV","Missense","Likely pathogenic","Reviewed by expert panel","Phenylketonuria","NM_000277.3(PAH):c.1172G>C (p.Ser391Thr)","Ser","Thr",391,"3.147853","No"
"209","<a href=""https://www.ncbi.nlm.nih.gov/clinvar/variation/225134"" target=""_blank"">225134</a>","PAH","SNV","Missense","Pathogenic","Reviewed by expert panel","Phenylketonuria","NM_000277.3(PAH):c.320A>G (p.His107Arg)","His","Arg",107,"1.430745","Yes"
"210","<a href=""https://www.ncbi.nlm.nih.gov/clinvar/variation/225133"" target=""_blank"">225133</a>","PAH","SNV","Missense","Likely pathogenic","Reviewed by expert panel","Phenylketonuria","NM_000277.3(PAH):c.110T>C (p.Leu37Pro)","Leu","Pro",37,"3.748272","No"
"211","<a href=""https://www.ncbi.nlm.nih.gov/clinvar/variation/371278"" target=""_blank"">371278</a>","PAH","SNV","Missense","Likely pathogenic","Criteria provided/ single submitter","Phenylketonuria","NM_000277.3(PAH):c.992T>C (p.Phe331Ser)","Phe","Ser",331,"4.179996","Yes"
"212","<a href=""https://www.ncbi.nlm.nih.gov/clinvar/variation/379788"" target=""_blank"">379788</a>","PAH","SNV","Missense","Pathogenic","Criteria provided/ single submitter","Not provided/ not specified","NM_000277.3(PAH):c.901C>A (p.Gln301Lys)","Gln","Lys",301,"3.948262","No"
"213","<a href=""https://www.ncbi.nlm.nih.gov/clinvar/variation/446506"" target=""_blank"">446506</a>","PAH","SNV","Missense","Likely pathogenic","Criteria provided/ single submitter","Phenylketonuria","NM_000277.3(PAH):c.934G>T (p.Gly312Cys)","Gly","Cys",312,"3.900445","No"
"214","<a href=""https://www.ncbi.nlm.nih.gov/clinvar/variation/458082"" target=""_blank"">458082</a>","PAH","SNV","Missense","Pathogenic","Reviewed by expert panel","Phenylketonuria","NM_000277.3(PAH):c.865G>A (p.Gly289Arg)","Gly","Arg",289,"4.381505","No"
"215","<a href=""https://www.ncbi.nlm.nih.gov/clinvar/variation/458081"" target=""_blank"">458081</a>","PAH","SNV","Missense","Likely pathogenic","Criteria provided/ single submitter","Phenylketonuria","NM_000277.3(PAH):c.835C>G (p.Pro279Ala)","Pro","Ala",279,"3.218267","No"
"216","<a href=""https://www.ncbi.nlm.nih.gov/clinvar/variation/551555"" target=""_blank"">551555</a>","PAH","SNV","Missense","Likely pathogenic","Reviewed by expert panel","Phenylketonuria","NM_000277.3(PAH):c.1285C>A (p.Gln429Lys)","Gln","Lys",429,"2.071302","Yes"
"217","<a href=""https://www.ncbi.nlm.nih.gov/clinvar/variation/558091"" target=""_blank"">558091</a>","PAH","SNV","Missense","Likely pathogenic","Reviewed by expert panel","Phenylketonuria","NM_000277.3(PAH):c.1247C>A (p.Pro416Gln)","Pro","Gln",416,"3.898659","Yes"
"218","<a href=""https://www.ncbi.nlm.nih.gov/clinvar/variation/552907"" target=""_blank"">552907</a>","PAH","SNV","Missense","Likely pathogenic","Reviewed by expert panel","Phenylketonuria|Not provided/ not specified","NM_000277.3(PAH):c.1218A>G (p.Ile406Met)","Ile","Met",406,"2.713650","Yes"
"219","<a href=""https://www.ncbi.nlm.nih.gov/clinvar/variation/555366"" target=""_blank"">555366</a>","PAH","SNV","Missense","Likely pathogenic","Reviewed by expert panel","Phenylketonuria","NM_000277.3(PAH):c.523C>T (p.Pro175Ser)","Pro","Ser",175,"4.083635","No"
"220","<a href=""https://www.ncbi.nlm.nih.gov/clinvar/variation/553851"" target=""_blank"">553851</a>","PAH","SNV","Missense","Likely pathogenic","Reviewed by expert panel","Phenylketonuria","NM_000277.3(PAH):c.301G>A (p.Asp101Asn)","Asp","Asn",101,"2.574028","No"
"221","<a href=""https://www.ncbi.nlm.nih.gov/clinvar/variation/552657"" target=""_blank"">552657</a>","PAH","SNV","Missense","Likely pathogenic","Reviewed by expert panel","Phenylketonuria","NM_000277.3(PAH):c.443G>T (p.Gly148Val)","Gly","Val",148,"4.637863","No"
"222","<a href=""https://www.ncbi.nlm.nih.gov/clinvar/variation/556296"" target=""_blank"">556296</a>","PAH","SNV","Missense","Pathogenic","Reviewed by expert panel","Phenylketonuria","NM_000277.3(PAH):c.800A>G (p.Gln267Arg)","Gln","Arg",267,"3.919329","No"
"223","<a href=""https://www.ncbi.nlm.nih.gov/clinvar/variation/557425"" target=""_blank"">557425</a>","PAH","SNV","Missense","Likely pathogenic","Criteria provided/ single submitter","Phenylketonuria","NM_000277.3(PAH):c.689T>C (p.Val230Ala)","Val","Ala",230,"3.795034","No"
"224","<a href=""https://www.ncbi.nlm.nih.gov/clinvar/variation/554011"" target=""_blank"">554011</a>","PAH","SNV","Missense","Likely pathogenic","Reviewed by expert panel","Phenylketonuria","NM_000277.3(PAH):c.463C>T (p.Arg155Cys)","Arg","Cys",155,"4.210170","Yes"
"225","<a href=""https://www.ncbi.nlm.nih.gov/clinvar/variation/552488"" target=""_blank"">552488</a>","PAH","SNV","Missense","Pathogenic/Likely pathogenic","Criteria provided/ multiple submitters/ no conflicts","Phenylketonuria","NM_000277.3(PAH):c.1256A>G (p.Gln419Arg)","Gln","Arg",419,"3.118167","Yes"
"226","<a href=""https://www.ncbi.nlm.nih.gov/clinvar/variation/551103"" target=""_blank"">551103</a>","PAH","SNV","Missense","Pathogenic","Reviewed by expert panel","Phenylketonuria","NM_000277.3(PAH):c.505C>G (p.Arg169Gly)","Arg","Gly",169,"3.072426","No"
"227","<a href=""https://www.ncbi.nlm.nih.gov/clinvar/variation/585206"" target=""_blank"">585206</a>","PAH","SNV","Missense","Likely pathogenic","Reviewed by expert panel","Phenylketonuria","NM_000277.3(PAH):c.3G>C (p.Met1Ile)","Met","Ile",1,"2.885382","No"
"229","<a href=""https://www.ncbi.nlm.nih.gov/clinvar/variation/619167"" target=""_blank"">619167</a>","PAH","SNV","Missense","Likely pathogenic","Reviewed by expert panel","Phenylketonuria","NM_000277.3(PAH):c.1216A>G (p.Ile406Val)","Ile","Val",406,"3.642856","Yes"
"230","<a href=""https://www.ncbi.nlm.nih.gov/clinvar/variation/619164"" target=""_blank"">619164</a>","PAH","SNV","Missense","Likely pathogenic","Reviewed by expert panel","Phenylketonuria","NM_000277.3(PAH):c.859C>G (p.Leu287Val)","Leu","Val",287,"4.069406","Yes"
"231","<a href=""https://www.ncbi.nlm.nih.gov/clinvar/variation/619152"" target=""_blank"">619152</a>","PAH","SNV","Missense","Likely pathogenic","Reviewed by expert panel","Phenylketonuria","NM_000277.3(PAH):c.813T>G (p.His271Gln)","His","Gln",271,"2.671224","No"
"232","<a href=""https://www.ncbi.nlm.nih.gov/clinvar/variation/619165"" target=""_blank"">619165</a>","PAH","SNV","Missense","Likely pathogenic","Reviewed by expert panel","Phenylketonuria","NM_000277.3(PAH):c.803A>G (p.Tyr268Cys)","Tyr","Cys",268,"4.131048","No"
"233","<a href=""https://www.ncbi.nlm.nih.gov/clinvar/variation/619150"" target=""_blank"">619150</a>","PAH","SNV","Missense","Pathogenic","Reviewed by expert panel","Phenylketonuria","NM_000277.3(PAH):c.788T>C (p.Phe263Ser)","Phe","Ser",263,"4.318506","No"
"234","<a href=""https://www.ncbi.nlm.nih.gov/clinvar/variation/619159"" target=""_blank"">619159</a>","PAH","SNV","Missense","Likely pathogenic","Reviewed by expert panel","Phenylketonuria","NM_000277.3(PAH):c.773T>C (p.Leu258Pro)","Leu","Pro",258,"4.095596","No"
"235","<a href=""https://www.ncbi.nlm.nih.gov/clinvar/variation/619166"" target=""_blank"">619166</a>","PAH","SNV","Missense","Likely pathogenic","Reviewed by expert panel","Phenylketonuria","NM_000277.3(PAH):c.712A>G (p.Thr238Ala)","Thr","Ala",238,"3.656776","No"
"236","<a href=""https://www.ncbi.nlm.nih.gov/clinvar/variation/619163"" target=""_blank"">619163</a>","PAH","SNV","Missense","Pathogenic","Reviewed by expert panel","Phenylketonuria","NM_000277.3(PAH):c.697T>A (p.Phe233Ile)","Phe","Ile",233,"3.776388","No"
"237","<a href=""https://www.ncbi.nlm.nih.gov/clinvar/variation/619160"" target=""_blank"">619160</a>","PAH","SNV","Missense","Likely pathogenic","Reviewed by expert panel","Phenylketonuria","NM_000277.3(PAH):c.694C>G (p.Gln232Glu)","Gln","Glu",232,"1.513094","No"
"238","<a href=""https://www.ncbi.nlm.nih.gov/clinvar/variation/619157"" target=""_blank"">619157</a>","PAH","SNV","Missense","Likely pathogenic","Reviewed by expert panel","Phenylketonuria","NM_000277.3(PAH):c.224A>T (p.Asp75Val)","Asp","Val",75,"2.912902","No"
"239","<a href=""https://www.ncbi.nlm.nih.gov/clinvar/variation/619158"" target=""_blank"">619158</a>","PAH","SNV","Missense","Likely pathogenic","Reviewed by expert panel","Phenylketonuria","NM_000277.3(PAH):c.224A>G (p.Asp75Gly)","Asp","Gly",75,"3.336230","No"
"240","<a href=""https://www.ncbi.nlm.nih.gov/clinvar/variation/619156"" target=""_blank"">619156</a>","PAH","SNV","Missense","Likely pathogenic","Reviewed by expert panel","Phenylketonuria","NM_000277.3(PAH):c.136G>C (p.Gly46Arg)","Gly","Arg",46,"3.817069","No"
"241","<a href=""https://www.ncbi.nlm.nih.gov/clinvar/variation/619705"" target=""_blank"">619705</a>","PAH","SNV","Missense","Likely pathogenic","Reviewed by expert panel","Not provided/ not specified|Phenylketonuria","NM_000277.3(PAH):c.461A>T (p.Tyr154Phe)","Tyr","Phe",154,"3.992742","No"
"242","<a href=""https://www.ncbi.nlm.nih.gov/clinvar/variation/625291"" target=""_blank"">625291</a>","PAH","SNV","Missense","Likely pathogenic","Reviewed by expert panel","Phenylketonuria","NM_000277.3(PAH):c.1304A>T (p.Asp435Val)","Asp","Val",435,"2.893879","No"
"243","<a href=""https://www.ncbi.nlm.nih.gov/clinvar/variation/625290"" target=""_blank"">625290</a>","PAH","SNV","Missense","Likely pathogenic","Reviewed by expert panel","Phenylketonuria","NM_000277.3(PAH):c.1109A>G (p.Glu370Gly)","Glu","Gly",370,"3.636922","No"
"244","<a href=""https://www.ncbi.nlm.nih.gov/clinvar/variation/625289"" target=""_blank"">625289</a>","PAH","SNV","Missense","Likely pathogenic","Reviewed by expert panel","Phenylketonuria","NM_000277.3(PAH):c.1102G>A (p.Glu368Lys)","Glu","Lys",368,"2.865948","Yes"
"245","<a href=""https://www.ncbi.nlm.nih.gov/clinvar/variation/626282"" target=""_blank"">626282</a>","PAH","SNV","Missense","Likely pathogenic","Reviewed by expert panel","Phenylketonuria","NM_000277.3(PAH):c.875C>T (p.Pro292Leu)","Pro","Leu",292,"4.292346","No"
"246","<a href=""https://www.ncbi.nlm.nih.gov/clinvar/variation/660581"" target=""_blank"">660581</a>","PAH","SNV","Missense","Likely pathogenic","Criteria provided/ single submitter","Phenylketonuria","NM_000277.3(PAH):c.1123C>G (p.Gln375Glu)","Gln","Glu",375,"2.249277","Yes"
"247","<a href=""https://www.ncbi.nlm.nih.gov/clinvar/variation/664621"" target=""_blank"">664621</a>","PAH","SNV","Missense","Pathogenic","Criteria provided/ single submitter","Phenylketonuria","NM_000277.3(PAH):c.516G>T (p.Gln172His)","Gln","His",172,"2.353270","Yes"
"248","<a href=""https://www.ncbi.nlm.nih.gov/clinvar/variation/650381"" target=""_blank"">650381</a>","PAH","SNV","Missense","Likely pathogenic","Criteria provided/ single submitter","Phenylketonuria","NM_000277.3(PAH):c.223G>A (p.Asp75Asn)","Asp","Asn",75,"2.835945","Yes"
"249","<a href=""https://www.ncbi.nlm.nih.gov/clinvar/variation/802886"" target=""_blank"">802886</a>","PAH","SNV","Missense","Likely pathogenic","Criteria provided/ single submitter","Phenylketonuria","NM_000277.3(PAH):c.1085C>G (p.Pro362Arg)","Pro","Arg",362,"3.201534","No"
"250","<a href=""https://www.ncbi.nlm.nih.gov/clinvar/variation/805826"" target=""_blank"">805826</a>","PAH","SNV","Missense","Likely pathogenic","Reviewed by expert panel","Phenylketonuria","NM_000277.3(PAH):c.903G>T (p.Gln301His)","Gln","His",301,"3.140687","No"
"251","<a href=""https://www.ncbi.nlm.nih.gov/clinvar/variation/805825"" target=""_blank"">805825</a>","PAH","SNV","Missense","Pathogenic","Reviewed by expert panel","Phenylketonuria","NM_000277.3(PAH):c.902A>C (p.Gln301Pro)","Gln","Pro",301,"4.085257","No"
"252","<a href=""https://www.ncbi.nlm.nih.gov/clinvar/variation/805823"" target=""_blank"">805823</a>","PAH","SNV","Missense","Likely pathogenic","Reviewed by expert panel","Phenylketonuria","NM_000277.3(PAH):c.890G>T (p.Arg297Leu)","Arg","Leu",297,"3.528486","No"
"253","<a href=""https://www.ncbi.nlm.nih.gov/clinvar/variation/805807"" target=""_blank"">805807</a>","PAH","SNV","Missense","Likely pathogenic","Reviewed by expert panel","Phenylketonuria","NM_000277.3(PAH):c.868C>T (p.His290Tyr)","His","Tyr",290,"3.996762","Yes"
"254","<a href=""https://www.ncbi.nlm.nih.gov/clinvar/variation/805818"" target=""_blank"">805818</a>","PAH","SNV","Missense","Likely pathogenic","Reviewed by expert panel","Phenylketonuria","NM_000277.3(PAH):c.494C>A (p.Ala165Asp)","Ala","Asp",165,"3.992191","No"
"255","<a href=""https://www.ncbi.nlm.nih.gov/clinvar/variation/805817"" target=""_blank"">805817</a>","PAH","SNV","Missense","Likely pathogenic","Reviewed by expert panel","Phenylketonuria","NM_000277.3(PAH):c.292T>G (p.Leu98Val)","Leu","Val",98,"1.577506","No"
"256","<a href=""https://www.ncbi.nlm.nih.gov/clinvar/variation/806927"" target=""_blank"">806927</a>","PAH","SNV","Missense","Likely pathogenic","Criteria provided/ single submitter","Not provided/ not specified","NM_000277.3(PAH):c.956A>G (p.Glu319Gly)","Glu","Gly",319,"3.798205","No"
"257","<a href=""https://www.ncbi.nlm.nih.gov/clinvar/variation/857071"" target=""_blank"">857071</a>","PAH","SNV","Missense","Likely pathogenic","Criteria provided/ single submitter","Phenylketonuria","NM_000277.3(PAH):c.1339G>A (p.Ala447Thr)","Ala","Thr",447,"3.850214","No"
"258","<a href=""https://www.ncbi.nlm.nih.gov/clinvar/variation/853581"" target=""_blank"">853581</a>","PAH","SNV","Missense","Pathogenic","Reviewed by expert panel","Phenylketonuria","NM_000277.3(PAH):c.1174T>A (p.Phe392Ile)","Phe","Ile",392,"3.662783","Yes"
"259","<a href=""https://www.ncbi.nlm.nih.gov/clinvar/variation/845708"" target=""_blank"">845708</a>","PAH","SNV","Missense","Likely pathogenic","Criteria provided/ single submitter","Phenylketonuria","NM_000277.3(PAH):c.516G>C (p.Gln172His)","Gln","His",172,"2.403092","No"
"260","<a href=""https://www.ncbi.nlm.nih.gov/clinvar/variation/872835"" target=""_blank"">872835</a>","PAH","SNV","Missense","Likely pathogenic","Reviewed by expert panel","Phenylketonuria","NM_000277.3(PAH):c.1146C>G (p.Phe382Leu)","Phe","Leu",382,"3.049295","No"
"261","<a href=""https://www.ncbi.nlm.nih.gov/clinvar/variation/872837"" target=""_blank"">872837</a>","PAH","SNV","Missense","Likely pathogenic","Reviewed by expert panel","Phenylketonuria","NM_000277.3(PAH):c.443G>A (p.Gly148Asp)","Gly","Asp",148,"4.545646","No"
"262","<a href=""https://www.ncbi.nlm.nih.gov/clinvar/variation/872838"" target=""_blank"">872838</a>","PAH","SNV","Missense","Likely pathogenic","Reviewed by expert panel","Phenylketonuria","NM_000277.3(PAH):c.185T>C (p.Leu62Pro)","Leu","Pro",62,"4.285499","No"
"263","<a href=""https://www.ncbi.nlm.nih.gov/clinvar/variation/928885"" target=""_blank"">928885</a>","PAH","SNV","Missense","Pathogenic","Reviewed by expert panel","Not provided/ not specified|Phenylketonuria","NM_000277.3(PAH):c.532G>A (p.Glu178Lys)","Glu","Lys",178,"2.966597","No"
"264","<a href=""https://www.ncbi.nlm.nih.gov/clinvar/variation/932268"" target=""_blank"">932268</a>","PAH","SNV","Missense","Likely pathogenic","Reviewed by expert panel","Phenylketonuria","NM_000277.3(PAH):c.1259G>T (p.Arg420Met)","Arg","Met",420,"4.169213","Yes"
"265","<a href=""https://www.ncbi.nlm.nih.gov/clinvar/variation/932279"" target=""_blank"">932279</a>","PAH","SNV","Missense","Likely pathogenic","Reviewed by expert panel","Phenylketonuria","NM_000277.3(PAH):c.1228T>A (p.Phe410Ile)","Phe","Ile",410,"3.995317","No"
"266","<a href=""https://www.ncbi.nlm.nih.gov/clinvar/variation/932278"" target=""_blank"">932278</a>","PAH","SNV","Missense","Likely pathogenic","Reviewed by expert panel","Phenylketonuria","NM_000277.3(PAH):c.1129T>G (p.Tyr377Asp)","Tyr","Asp",377,"3.092196","No"
"267","<a href=""https://www.ncbi.nlm.nih.gov/clinvar/variation/932260"" target=""_blank"">932260</a>","PAH","SNV","Missense","Likely pathogenic","Reviewed by expert panel","Phenylketonuria","NM_000277.3(PAH):c.1118C>A (p.Ala373Asp)","Ala","Asp",373,"3.441205","No"
"268","<a href=""https://www.ncbi.nlm.nih.gov/clinvar/variation/932253"" target=""_blank"">932253</a>","PAH","SNV","Missense","Likely pathogenic","Reviewed by expert panel","Phenylketonuria","NM_000277.3(PAH):c.1043T>C (p.Leu348Pro)","Leu","Pro",348,"4.196843","No"
"269","<a href=""https://www.ncbi.nlm.nih.gov/clinvar/variation/932256"" target=""_blank"">932256</a>","PAH","SNV","Missense","Likely pathogenic","Reviewed by expert panel","Phenylketonuria","NM_000277.3(PAH):c.1027T>A (p.Tyr343Asn)","Tyr","Asn",343,"4.201426","No"
"270","<a href=""https://www.ncbi.nlm.nih.gov/clinvar/variation/932254"" target=""_blank"">932254</a>","PAH","SNV","Missense","Likely pathogenic","Reviewed by expert panel","Phenylketonuria","NM_000277.3(PAH):c.833C>G (p.Thr278Ser)","Thr","Ser",278,"2.730302","No"
"271","<a href=""https://www.ncbi.nlm.nih.gov/clinvar/variation/932252"" target=""_blank"">932252</a>","PAH","SNV","Missense","Likely pathogenic","Reviewed by expert panel","Phenylketonuria","NM_000277.3(PAH):c.755G>C (p.Arg252Pro)","Arg","Pro",252,"4.336719","No"
"272","<a href=""https://www.ncbi.nlm.nih.gov/clinvar/variation/932251"" target=""_blank"">932251</a>","PAH","SNV","Missense","Likely pathogenic","Reviewed by expert panel","Phenylketonuria","NM_000277.3(PAH):c.676C>A (p.Gln226Lys)","Gln","Lys",226,"3.574686","No"
"273","<a href=""https://www.ncbi.nlm.nih.gov/clinvar/variation/932277"" target=""_blank"">932277</a>","PAH","SNV","Missense","Likely pathogenic","Reviewed by expert panel","Phenylketonuria","NM_000277.3(PAH):c.674C>T (p.Pro225Leu)","Pro","Leu",225,"4.127033","Yes"
"274","<a href=""https://www.ncbi.nlm.nih.gov/clinvar/variation/932276"" target=""_blank"">932276</a>","PAH","SNV","Missense","Likely pathogenic","Reviewed by expert panel","Phenylketonuria","NM_000277.3(PAH):c.659A>C (p.His220Pro)","His","Pro",220,"1.154273","No"
"275","<a href=""https://www.ncbi.nlm.nih.gov/clinvar/variation/932262"" target=""_blank"">932262</a>","PAH","SNV","Missense","Pathogenic","Reviewed by expert panel","Phenylketonuria","NM_000277.3(PAH):c.505C>A (p.Arg169Ser)","Arg","Ser",169,"2.979071","No"
"276","<a href=""https://www.ncbi.nlm.nih.gov/clinvar/variation/944625"" target=""_blank"">944625</a>","PAH","SNV","Missense","Pathogenic","Criteria provided/ single submitter","Phenylketonuria","NM_000277.3(PAH):c.510T>G (p.His170Gln)","His","Gln",170,"2.793759","Yes"
"277","<a href=""https://www.ncbi.nlm.nih.gov/clinvar/variation/940659"" target=""_blank"">940659</a>","PAH","SNV","Missense","Pathogenic","Criteria provided/ single submitter","Phenylketonuria","NM_000277.3(PAH):c.1238G>A (p.Arg413His)","Arg","His",413,"1.197848","Yes"
"278","<a href=""https://www.ncbi.nlm.nih.gov/clinvar/variation/962987"" target=""_blank"">962987</a>","PAH","SNV","Missense","Likely pathogenic","Criteria provided/ single submitter","Phenylketonuria","NM_000277.3(PAH):c.1187A>G (p.Lys396Arg)","Lys","Arg",396,"3.689791","Yes"
"279","<a href=""https://www.ncbi.nlm.nih.gov/clinvar/variation/987767"" target=""_blank"">987767</a>","PAH","SNV","Missense","Likely pathogenic","Reviewed by expert panel","Phenylketonuria","NM_000277.3(PAH):c.209C>T (p.Ser70Phe)","Ser","Phe",70,"4.309295","No"
"280","<a href=""https://www.ncbi.nlm.nih.gov/clinvar/variation/987769"" target=""_blank"">987769</a>","PAH","SNV","Missense","Likely pathogenic","Reviewed by expert panel","Phenylketonuria","NM_000277.3(PAH):c.223G>C (p.Asp75His)","Asp","His",75,"3.637468","No"
"281","<a href=""https://www.ncbi.nlm.nih.gov/clinvar/variation/987906"" target=""_blank"">987906</a>","PAH","SNV","Missense","Likely pathogenic","Reviewed by expert panel","Phenylketonuria","NM_000277.3(PAH):c.364C>T (p.Pro122Ser)","Pro","Ser",122,"4.001804","Yes"
"282","<a href=""https://www.ncbi.nlm.nih.gov/clinvar/variation/987907"" target=""_blank"">987907</a>","PAH","SNV","Missense","Likely pathogenic","Reviewed by expert panel","Phenylketonuria","NM_000277.3(PAH):c.1200G>T (p.Arg400Ser)","Arg","Ser",400,"5.623667","No"
"283","<a href=""https://www.ncbi.nlm.nih.gov/clinvar/variation/1065381"" target=""_blank"">1065381</a>","PAH","SNV","Missense","Likely pathogenic","Reviewed by expert panel","Phenylketonuria","NM_000277.3(PAH):c.847A>G (p.Ile283Val)","Ile","Val",283,"1.847788","No"
"284","<a href=""https://www.ncbi.nlm.nih.gov/clinvar/variation/1065379"" target=""_blank"">1065379</a>","PAH","SNV","Missense","Likely pathogenic","Reviewed by expert panel","Phenylketonuria","NM_000277.3(PAH):c.679C>G (p.Leu227Val)","Leu","Val",227,"3.511960","No"
"285","<a href=""https://www.ncbi.nlm.nih.gov/clinvar/variation/1065370"" target=""_blank"">1065370</a>","PAH","SNV","Missense","Likely pathogenic","Reviewed by expert panel","Phenylketonuria","NM_000277.3(PAH):c.563G>T (p.Gly188Val)","Gly","Val",188,"4.303729","No"
"286","<a href=""https://www.ncbi.nlm.nih.gov/clinvar/variation/1067076"" target=""_blank"">1067076</a>","PAH","SNV","Missense","Likely pathogenic","Criteria provided/ single submitter","Phenylketonuria","NM_000277.3(PAH):c.1096C>T (p.Pro366Ser)","Pro","Ser",366,"2.361721","No"
"287","<a href=""https://www.ncbi.nlm.nih.gov/clinvar/variation/1068222"" target=""_blank"">1068222</a>","PAH","SNV","Missense","Likely pathogenic","Criteria provided/ single submitter","Phenylketonuria","NM_000277.3(PAH):c.859C>A (p.Leu287Met)","Leu","Met",287,"4.160822","No"
"288","<a href=""https://www.ncbi.nlm.nih.gov/clinvar/variation/1066686"" target=""_blank"">1066686</a>","PAH","SNV","Missense","Likely pathogenic","Criteria provided/ single submitter","Phenylketonuria","NM_000277.3(PAH):c.789C>A (p.Phe263Leu)","Phe","Leu",263,"3.455569","No"
"289","<a href=""https://www.ncbi.nlm.nih.gov/clinvar/variation/1075546"" target=""_blank"">1075546</a>","PAH","SNV","Missense","Pathogenic","Criteria provided/ single submitter","Phenylketonuria","NM_000277.3(PAH):c.544G>A (p.Glu182Lys)","Glu","Lys",182,"4.102608","No"
